Human Populations,The History of Human Population Growth,Quiz: The History of Human Population Growth,68830_HP_M01_01.html,Sent to Leslie,,EnvironmentalScience,Brix,,041e444c-42ac-45f1-adcd-82689fb809d7,c16ad0d6-eb1d-4094-a06e-aec2e726d3dd,target1
Human Populations,The History of Human Population Growth,Quiz: The History of Human Population Growth,68830_HP_M01_02.html,Sent to Leslie,,EnvironmentalScience,Brix,,041e444c-42ac-45f1-adcd-82689fb809d7,69ca896b-aedd-4c7b-9381-7f26840b3d89,target1
Human Populations,The History of Human Population Growth,Quiz: The History of Human Population Growth,68830_HP_M01_03.html,Sent to Leslie,,EnvironmentalScience,Brix,,041e444c-42ac-45f1-adcd-82689fb809d7,d72055cb-8d20-4302-8f85-62b5b2e489f1,target1
Human Populations,The History of Human Population Growth,Quiz: The History of Human Population Growth,68830_HP_M01_04.html,Sent to Leslie,,EnvironmentalScience,Brix,,041e444c-42ac-45f1-adcd-82689fb809d7,52bb0241-dacb-480f-afac-dcc88a840c39,target1
Human Populations,Age Structures and the Demographic Transition,Quiz: Age Structures and the Demographic Transition,68830_HP_M02_01.html,Sent to Leslie,,EnvironmentalScience,Brix,,8f560469-6e1a-480e-b6aa-d69fd2068784,3e966692-fe67-4534-88fa-1c380bb27361,target1
Human Populations,Age Structures and the Demographic Transition,Quiz: Age Structures and the Demographic Transition,68830_HP_M02_02.html,Sent to Leslie,,EnvironmentalScience,Brix,,8f560469-6e1a-480e-b6aa-d69fd2068784,d5c7901b-3cfa-4126-b89e-b7329d1b9948,target1
Human Populations,Age Structures and the Demographic Transition,Quiz: Age Structures and the Demographic Transition,68830_HP_M02_03.html,Sent to Leslie,,EnvironmentalScience,Brix,,8f560469-6e1a-480e-b6aa-d69fd2068784,d6a6f3a8-f915-4f30-9ea8-13d8b8152e90,target1
Human Populations, Fertility and Human Population Growth,Quiz: Fertility and Human Population Growth,68830_HP_M03_01.html,Sent to Leslie,,EnvironmentalScience,Brix,,ede9dd2c-bb50-474a-be99-b60fa9e09e78,38bb94ef-2420-43f7-b112-abc7859fb564,target1
Human Populations,Fertility and Human Population Growth,Quiz: Fertility and Human Population Growth,68830_HP_M03_02.html,Sent to Leslie,,EnvironmentalScience,Brix,,ede9dd2c-bb50-474a-be99-b60fa9e09e78,85925475-c6c5-4270-8576-56bef39b9471,target1
Human Populations,"Disease, Death, and Human Population Growth","Quiz: Disease, Death, and Human Population Growth",68830_HP_M04_01.html,Sent to Leslie,,EnvironmentalScience,Brix,,fe4b8150-4cbc-4bff-a16d-80333aa784d5,48e66a32-c603-4ca6-a7ed-ed8ce40dda23,target1
Human Populations,"Disease, Death, and Human Population Growth","Quiz: Disease, Death, and Human Population Growth",68830_HP_M04_02.html,Sent to Leslie,,EnvironmentalScience,Brix,,fe4b8150-4cbc-4bff-a16d-80333aa784d5,dafe1f29-f68e-414c-8574-8940b42b30a5,target1
Human Populations,"Disease, Death, and Human Population Growth","Quiz: Disease, Death, and Human Population Growth",68830_HP_M04_03.html,Sent to Leslie,,EnvironmentalScience,Brix,,fe4b8150-4cbc-4bff-a16d-80333aa784d5,0f64cac9-b788-4213-bc50-f6b7b424b482,target1
Human Populations,Environmental Impacts of the Human Population,Quiz: Environmental Impacts of the Human Population,68830_HP_M05_01.html,Sent to Leslie,,EnvironmentalScience,Brix,,4edf4695-648a-4055-808e-d36870730779,d41c4a96-0446-46ab-aa05-32e641252e5b,target1
Human Populations,Environmental Impacts of the Human Population,Quiz: Environmental Impacts of the Human Population,68830_HP_M05_02.html,Sent to Leslie,,EnvironmentalScience,Brix,,4edf4695-648a-4055-808e-d36870730779,18b93bdc-1ee6-4235-b827-eec221971487,target1
Human Populations,Environmental Impacts of the Human Population,Quiz: Environmental Impacts of the Human Population,68830_HP_M05_03.html,Sent to Leslie,,EnvironmentalScience,Brix,,4edf4695-648a-4055-808e-d36870730779,4a441b82-d820-4e13-8a0c-bbd6f55b6315,target1
Human Populations,Environmental Impacts of the Human Population,Quiz: Environmental Impacts of the Human Population,68830_HP_M05_04.html,Sent to Leslie,,EnvironmentalScience,Brix,,4edf4695-648a-4055-808e-d36870730779,186d5804-c67f-44bf-a160-1ce1afd5e3e8,target1
Human Populations,Environmental Impacts of the Human Population,Quiz: Environmental Impacts of the Human Population,68830_HP_M05_05.html,Sent to Leslie,,EnvironmentalScience,Brix,,4edf4695-648a-4055-808e-d36870730779,1ac97fb2-43ff-4f05-a576-191d9ac2c6d2,target1
Human Populations,Environmental Impacts of the Human Population,Quiz: Environmental Impacts of the Human Population,68830_HP_M05_06.html,Sent to Leslie,,EnvironmentalScience,Brix,,4edf4695-648a-4055-808e-d36870730779,bff4df47-fea7-4f70-9fba-869759140c00,target1
Human Populations,Future Human Population Trends,Quiz: Future Human Population Trends,68830_HP_M06_01.html,Sent to Leslie,,EnvironmentalScience,Brix,,ae3166cb-b75d-42e2-95fb-e3b029fb455a,7fbc221e-260c-44ee-9f38-5575e0a201cb,target1
Human Populations,Future Human Population Trends,Quiz: Future Human Population Trends,68830_HP_M06_02.html,Sent to Leslie,,EnvironmentalScience,Brix,,ae3166cb-b75d-42e2-95fb-e3b029fb455a,ce2305b7-2ccb-479d-86d6-0cbe416aae60,target1
Human Populations,Future Human Population Trends,Quiz: Future Human Population Trends,68830_HP_M06_03.html,Sent to Leslie,,EnvironmentalScience,Brix,,ae3166cb-b75d-42e2-95fb-e3b029fb455a,1a5096d5-d935-4380-b090-9be61971625a,target1
Human Populations,Future Human Population Trends,Quiz: Future Human Population Trends,68830_HP_M06_04.html,Sent to Leslie,,EnvironmentalScience,Brix,,ae3166cb-b75d-42e2-95fb-e3b029fb455a,3d4cd3ac-14c9-44a5-a5ba-363fb98ff2e2,target1
Human Populations,Future Human Population Trends,Quiz: Future Human Population Trends,68830_HP_M06_05.html,Sent to Leslie,,EnvironmentalScience,Brix,,ae3166cb-b75d-42e2-95fb-e3b029fb455a,dabefbd7-5d3c-4d90-8127-fe7f53af036e,target1
Human Populations,Future Human Population Trends,Quiz: Future Human Population Trends,68830_HP_M06_06.html,Sent to Leslie,,EnvironmentalScience,Brix,,ae3166cb-b75d-42e2-95fb-e3b029fb455a,c8b0ea0a-c139-4f27-a816-6071956ea781,target1
Human Populations,Interactive Lab: Human Populations,Quiz: Human Populations Interactive Lab,68830_HP_M07_01.html,Sent to Leslie,,EnvironmentalScience,Brix,,05df8b1d-6de8-4c33-826e-3abc559e8c9e,aa24df24-e0d8-4ca1-b138-b85ee319e59c,target1
Human Populations,Interactive Lab: Human Populations,Quiz: Human Populations Interactive Lab,68830_HP_M07_02.html,Sent to Leslie,,EnvironmentalScience,Brix,,05df8b1d-6de8-4c33-826e-3abc559e8c9e,41e43692-c91e-4e77-87dd-d229c356a3b1,target1
Human Populations,Interactive Lab: Human Populations,Quiz: Human Populations Interactive Lab,68830_HP_M07_03.html,Sent to Leslie,,EnvironmentalScience,Brix,,05df8b1d-6de8-4c33-826e-3abc559e8c9e,d2d45b94-9503-48dd-936d-601045e29e89,target1
Human Populations,Interactive Lab: Human Populations,Quiz: Human Populations Interactive Lab,68830_HP_M07_04.html,Sent to Leslie,,EnvironmentalScience,Brix,,05df8b1d-6de8-4c33-826e-3abc559e8c9e,87c917f1-efb4-4d2e-85e2-efb9065c5481,target1
Human Populations,Interactive Lab: Human Populations,Quiz: Human Populations Interactive Lab,68830_HP_M07_05.html,Sent to Leslie,,EnvironmentalScience,Brix,,05df8b1d-6de8-4c33-826e-3abc559e8c9e,f1e98f65-2a70-4890-9ad0-79bac8c5e4c9,target1
Human Populations,NA,Concept Quiz: Human Populations,68830_HP_C01.html,Sent to Leslie,,EnvironmentalScience,Brix,,63eb33a4-8643-4f90-a6e4-36eea2e96ab3,f6858647-ce8a-4133-9865-d0c22a99880c,target1
Human Populations,NA,Concept Quiz: Human Populations,68830_HP_C02.html,Sent to Leslie,,EnvironmentalScience,Brix,,63eb33a4-8643-4f90-a6e4-36eea2e96ab3,42a3c4da-e01e-4292-b4bd-9441e43f1acb,target1
Human Populations,NA,Concept Quiz: Human Populations,68830_HP_C03.html,Sent to Leslie,,EnvironmentalScience,Brix,,63eb33a4-8643-4f90-a6e4-36eea2e96ab3,d88567b2-22d3-4611-87e7-56c55f60a01f,target1
Human Populations,NA,Concept Quiz: Human Populations,68830_HP_C04.html,Sent to Leslie,,EnvironmentalScience,Brix,,63eb33a4-8643-4f90-a6e4-36eea2e96ab3,e7376113-e5b3-4e58-830c-291428226bc9,target1
Human Populations,NA,Concept Quiz: Human Populations,68830_HP_C05.html,Sent to Leslie,,EnvironmentalScience,Brix,,63eb33a4-8643-4f90-a6e4-36eea2e96ab3,d1743dce-5742-44c4-93b4-9475683209b8,target1
Human Populations,NA,Concept Quiz: Human Populations,68830_HP_C06.html,Sent to Leslie,,EnvironmentalScience,Brix,,63eb33a4-8643-4f90-a6e4-36eea2e96ab3,fe98a5b5-342e-43f3-9499-71861f2d86d2,target1
Human Populations,NA,Concept Quiz: Human Populations,68830_HP_C07.html,Sent to Leslie,,EnvironmentalScience,Brix,,63eb33a4-8643-4f90-a6e4-36eea2e96ab3,fb4f09d0-9ea1-4365-8a3c-ee0f9816e2ac,target1
Human Populations,NA,Concept Quiz: Human Populations,68830_HP_C08.html,Sent to Leslie,,EnvironmentalScience,Brix,,63eb33a4-8643-4f90-a6e4-36eea2e96ab3,71bfc277-743e-418f-9b3e-c3a0d3ffdb5c,target1
Human Populations,NA,Concept Quiz: Human Populations,68830_HP_C09.html,Sent to Leslie,,EnvironmentalScience,Brix,,63eb33a4-8643-4f90-a6e4-36eea2e96ab3,d345d109-a234-4629-b39a-904c55056bbd,target1
Human Populations,NA,Concept Quiz: Human Populations,68830_HP_C10.html,Sent to Leslie,,EnvironmentalScience,Brix,,63eb33a4-8643-4f90-a6e4-36eea2e96ab3,07a0710e-5149-4b4d-adc1-e0573b7a8426,target1
Human Populations,NA,Concept Quiz: Human Populations,68830_HP_C11.html,Sent to Leslie,,EnvironmentalScience,Brix,,63eb33a4-8643-4f90-a6e4-36eea2e96ab3,5c2f4bae-e7a7-4fbd-960a-5b96525ac60b,target1
Human Populations,NA,Concept Quiz: Human Populations,68830_HP_C12.html,Sent to Leslie,,EnvironmentalScience,Brix,,63eb33a4-8643-4f90-a6e4-36eea2e96ab3,afe27a9c-a003-4921-8b44-0d5262767762,target1
Human Populations,NA,Concept Quiz: Human Populations,68830_HP_C13.html,Sent to Leslie,,EnvironmentalScience,Brix,,63eb33a4-8643-4f90-a6e4-36eea2e96ab3,418cf514-3a5d-49da-bfd6-0578c6933d18,target1
Energy Use,The Fundamentals and History of Energy,Quiz: The Fundamentals and History of Energy,68830_EU_M01_01.html,Sent to Leslie,,EnvironmentalScience,Brix,,4d89a1e7-c6e8-40fb-b806-9995acc717de,bc81f1c1-4364-4ea8-9432-ccdebeb8cf77,target1
Energy Use,The Fundamentals and History of Energy,Quiz: The Fundamentals and History of Energy,68830_EU_M01_02.html,Sent to Leslie,,EnvironmentalScience,Brix,,4d89a1e7-c6e8-40fb-b806-9995acc717de,8133ff80-17ec-4d40-920e-ad9a1cc62254,target1
Energy Use,The Fundamentals and History of Energy,Quiz: The Fundamentals and History of Energy,68830_EU_M01_03.html,Sent to Leslie,,EnvironmentalScience,Brix,,4d89a1e7-c6e8-40fb-b806-9995acc717de,099d2ed0-42ea-412c-a5a3-34f041dd1e9b,target1
Energy Use,The Fundamentals and History of Energy,Quiz: The Fundamentals and History of Energy,68830_EU_M01_04.html,Sent to Leslie,,EnvironmentalScience,Brix,,4d89a1e7-c6e8-40fb-b806-9995acc717de,88674d74-8eba-450a-b88b-bcf239fb152b,target1
Energy Use,The Fundamentals and History of Energy,Quiz: The Fundamentals and History of Energy,68830_EU_M01_05.html,Sent to Leslie,,EnvironmentalScience,Brix,,4d89a1e7-c6e8-40fb-b806-9995acc717de,8a7450c2-f441-4359-a58c-163261ab87fb,target1
Energy Use,The Fundamentals and History of Energy,Quiz: The Fundamentals and History of Energy,68830_EU_M01_06.html,Sent to Leslie,,EnvironmentalScience,Brix,,4d89a1e7-c6e8-40fb-b806-9995acc717de,4c37c6fb-9419-474e-9c19-a36a1d679323,target1
Energy Use,Current Global Energy Use,Quiz: Current Global Energy Use,68830_EU_M02_01.html,Sent to Leslie,,EnvironmentalScience,Brix,,2c85c27d-304f-4c7f-85c3-123dcf73ff60,b6ff984d-9417-49e0-b7f2-ef9d645947e3,target1
Energy Use,Current Global Energy Use,Quiz: Current Global Energy Use,68830_EU_M02_02.html,Sent to Leslie,,EnvironmentalScience,Brix,,2c85c27d-304f-4c7f-85c3-123dcf73ff60,cde8fcee-d844-44de-8a7f-cd02fa99ad4c,target1
Energy Use,Current Global Energy Use,Quiz: Current Global Energy Use,68830_EU_M02_03.html,Sent to Leslie,,EnvironmentalScience,Brix,,2c85c27d-304f-4c7f-85c3-123dcf73ff60,a3d1fc75-bb7d-46f8-a79c-2993f03a2577,target1
Energy Use,Current Global Energy Use,Quiz: Current Global Energy Use,68830_EU_M02_04.html,Sent to Leslie,,EnvironmentalScience,Brix,,2c85c27d-304f-4c7f-85c3-123dcf73ff60,4477f7cf-9702-4809-9e94-3c0f42822e6d,target1
Energy Use,Current Global Energy Use,Quiz: Current Global Energy Use,68830_EU_M02_05.html,Sent to Leslie,,EnvironmentalScience,Brix,,2c85c27d-304f-4c7f-85c3-123dcf73ff60,9a704c1b-f256-4183-b17d-a0a5359963b6,target1
Energy Use,Current Global Energy Use,Quiz: Current Global Energy Use,68830_EU_M02_06.html,Sent to Leslie,,EnvironmentalScience,Brix,,2c85c27d-304f-4c7f-85c3-123dcf73ff60,88f82cf7-019f-4f1f-986f-7a127b5cfa5d,target1
Energy Use,Current Energy Use in the United States,Quiz: Current Energy Use in the United States,68830_EU_M03_01.html,Sent to Leslie,,EnvironmentalScience,Brix,,84ead914-5834-4fe3-8b41-51a6bf87ac81,ebec2f42-019e-4818-9f45-a840e3d87c94,target1
Energy Use,Current Energy Use in the United States,Quiz: Current Energy Use in the United States,68830_EU_M03_02.html,Sent to Leslie,,EnvironmentalScience,Brix,,84ead914-5834-4fe3-8b41-51a6bf87ac81,e4e1f2d7-2ff7-4c0c-bd20-72918b8a95bb,target1
Energy Use,Current Energy Use in the United States,Quiz: Current Energy Use in the United States,68830_EU_M03_03.html,Sent to Leslie,,EnvironmentalScience,Brix,,84ead914-5834-4fe3-8b41-51a6bf87ac81,4a90eec0-420f-42e4-9127-77ff3be2c56a,target1
Energy Use,Current Energy Use in the United States,Quiz: Current Energy Use in the United States,68830_EU_M03_04.html,Sent to Leslie,,EnvironmentalScience,Brix,,84ead914-5834-4fe3-8b41-51a6bf87ac81,c6ccce1b-3737-414f-97ca-60b20db84e57,target1
Energy Use,Current Energy Use in the United States,Quiz: Current Energy Use in the United States,68830_EU_M03_05.html,Sent to Leslie,,EnvironmentalScience,Brix,,84ead914-5834-4fe3-8b41-51a6bf87ac81,7711d533-9bc7-43c1-bfff-7a26f2043cbc,target1
Energy Use,Current Energy Use in the United States,Quiz: Current Energy Use in the United States,68830_EU_M03_06.html,Sent to Leslie,,EnvironmentalScience,Brix,,84ead914-5834-4fe3-8b41-51a6bf87ac81,13248146-92ff-499e-a932-ef1743624158,target1
Energy Use,Electricity Generation and Distribution,Quiz: Electricity Generation and Distribution,68830_EU_M04_01.html,Sent to Leslie,,EnvironmentalScience,Brix,,3c5cf349-0f9d-4926-962a-2d3485e7d52b,2c7812bf-0b2d-4edc-9ea2-f75715c4f4a2,target1
Energy Use,Electricity Generation and Distribution,Quiz: Electricity Generation and Distribution,68830_EU_M04_02.html,Sent to Leslie,,EnvironmentalScience,Brix,,3c5cf349-0f9d-4926-962a-2d3485e7d52b,c4752e56-f8a2-4a61-873c-748eb675802c,target1
Energy Use,Electricity Generation and Distribution,Quiz: Electricity Generation and Distribution,68830_EU_M04_03.html,Sent to Leslie,,EnvironmentalScience,Brix,,3c5cf349-0f9d-4926-962a-2d3485e7d52b,9133062b-80bc-4a70-bf3d-fdcd24901f63,target1
Energy Use,Electricity Generation and Distribution,Quiz: Electricity Generation and Distribution,68830_EU_M04_04.html,Sent to Leslie,,EnvironmentalScience,Brix,,3c5cf349-0f9d-4926-962a-2d3485e7d52b,ba3ab157-c568-4497-94d3-2e5cbaeb75b5,target1
Energy Use,Electricity Generation and Distribution,Quiz: Electricity Generation and Distribution,68830_EU_M04_05.html,Sent to Leslie,,EnvironmentalScience,Brix,,3c5cf349-0f9d-4926-962a-2d3485e7d52b,31ddd9f3-24a9-4e86-af57-bcfe7a2b50ad,target1
Energy Use,Electricity Generation and Distribution,Quiz: Electricity Generation and Distribution,68830_EU_M04_06.html,Sent to Leslie,,EnvironmentalScience,Brix,,3c5cf349-0f9d-4926-962a-2d3485e7d52b,9cc14351-9135-47e6-a4f0-e4f91d6d7d2c,target1
Energy Use,Electricity Generation and Distribution,Quiz: Electricity Generation and Distribution,68830_EU_M04_07.html,Sent to Leslie,,EnvironmentalScience,Brix,,3c5cf349-0f9d-4926-962a-2d3485e7d52b,06d8c0e6-7586-461d-9d0a-3f61ceafb5d9,target1
Energy Use,Electricity Generation and Distribution,Quiz: Electricity Generation and Distribution,68830_EU_M04_08.html,Sent to Leslie,,EnvironmentalScience,Brix,,3c5cf349-0f9d-4926-962a-2d3485e7d52b,793d0674-5a2f-4523-8c6a-4a434418c9f2,target1
Energy Use,"Energy for Cooking, Heating, and Cooling","Quiz: Energy for Cooking, Heating, and Cooling",68830_EU_M05_01.html,Sent to Leslie,,EnvironmentalScience,Brix,,129dab09-87e0-4688-b71a-73ccb11863ff,54022037-3513-4dc5-b77a-5d29b8547ec3,target1
Energy Use,"Energy for Cooking, Heating, and Cooling","Quiz: Energy for Cooking, Heating, and Cooling",68830_EU_M05_02.html,Sent to Leslie,,EnvironmentalScience,Brix,,129dab09-87e0-4688-b71a-73ccb11863ff,181ca25b-a08d-459b-9196-ad95111a93ba,target1
Energy Use,"Energy for Cooking, Heating, and Cooling","Quiz: Energy for Cooking, Heating, and Cooling",68830_EU_M05_03.html,Sent to Leslie,,EnvironmentalScience,Brix,,129dab09-87e0-4688-b71a-73ccb11863ff,92d0c4a0-6b30-47f0-8de3-6214fdc66e92,target1
Energy Use,"Energy for Cooking, Heating, and Cooling","Quiz: Energy for Cooking, Heating, and Cooling",68830_EU_M05_04.html,Sent to Leslie,,EnvironmentalScience,Brix,,129dab09-87e0-4688-b71a-73ccb11863ff,70cb1b17-ade6-45e8-af9a-b904c7eaba5d,target1
Energy Use, Energy for Transportation,Quiz: Energy for Transportation,68830_EU_M06_01.html,Sent to Leslie,,EnvironmentalScience,Brix,,c956bb32-c288-401f-a633-889498500e80,054f9a40-f699-4ffd-85a7-0c5b65cb8069,target1
Energy Use,Energy for Transportation,Quiz: Energy for Transportation,68830_EU_M06_02.html,Sent to Leslie,,EnvironmentalScience,Brix,,c956bb32-c288-401f-a633-889498500e80,4bada006-4728-4744-bac0-7736ba9de071,target1
Energy Use,Energy for Transportation,Quiz: Energy for Transportation,68830_EU_M06_03.html,Sent to Leslie,,EnvironmentalScience,Brix,,c956bb32-c288-401f-a633-889498500e80,a1988273-369d-49bb-b19b-145b3dace3ae,target1
Energy Use,Energy for Transportation,Quiz: Energy for Transportation,68830_EU_M06_04.html,Sent to Leslie,,EnvironmentalScience,Brix,,c956bb32-c288-401f-a633-889498500e80,ea14decb-2b7f-433a-b5a7-337b3d6d7578,target1
Energy Use,Energy for Transportation,Quiz: Energy for Transportation,68830_EU_M06_05.html,Sent to Leslie,,EnvironmentalScience,Brix,,c956bb32-c288-401f-a633-889498500e80,2ac26742-4067-4714-8efc-a0c931ed4a27,target1
Energy Use,Energy for Transportation,Quiz: Energy for Transportation,68830_EU_M06_06.html,Sent to Leslie,,EnvironmentalScience,Brix,,c956bb32-c288-401f-a633-889498500e80,b9c5bcb0-8529-4b3d-b083-535d771641ca,target1
Energy Use,Energy Efficiency and Conservation,Quiz: Energy Efficiency and Conservation,68830_EU_M07_01.html,Sent to Leslie,,EnvironmentalScience,Brix,,712011e2-ed53-4f92-9f2e-56fc4632a861,3f51c59e-ac81-46ab-912a-930759b9eb1e,target1
Energy Use,Energy Efficiency and Conservation,Quiz: Energy Efficiency and Conservation,68830_EU_M07_02.html,Sent to Leslie,,EnvironmentalScience,Brix,,712011e2-ed53-4f92-9f2e-56fc4632a861,efa04c71-ec32-45c1-8046-0c37c8413698,target1
Energy Use,Energy Efficiency and Conservation,Quiz: Energy Efficiency and Conservation,68830_EU_M07_03.html,Sent to Leslie,,EnvironmentalScience,Brix,,712011e2-ed53-4f92-9f2e-56fc4632a861,877682c2-8986-4839-8b5e-da57f8adf922,target1
Energy Use,Energy Efficiency and Conservation,Quiz: Energy Efficiency and Conservation,68830_EU_M07_04.html,Sent to Leslie,,EnvironmentalScience,Brix,,712011e2-ed53-4f92-9f2e-56fc4632a861,d189611d-7a2b-408a-8379-9214e86733be,target1
Energy Use,Energy Efficiency and Conservation,Quiz: Energy Efficiency and Conservation,68830_EU_M07_05.html,Sent to Leslie,,EnvironmentalScience,Brix,,712011e2-ed53-4f92-9f2e-56fc4632a861,29259660-3545-43ad-81bc-fe7892fe15c0,target1
Energy Use,The Possible Future of Energy Demand,Quiz: The Possible Future of Energy Demand,68830_EU_M08_01.html,Sent to Leslie,,EnvironmentalScience,Brix,,121128cf-5471-4dc4-b71a-3bedc9ebdda2,1b29fd13-c38f-4c54-9109-a2e17e1b604c,target1
Energy Use,The Possible Future of Energy Demand,Quiz: The Possible Future of Energy Demand,68830_EU_M08_02.html,Sent to Leslie,,EnvironmentalScience,Brix,,121128cf-5471-4dc4-b71a-3bedc9ebdda2,c32bddc9-d2a4-4070-a7b6-70f512b45462,target1
Energy Use,The Possible Future of Energy Demand,Quiz: The Possible Future of Energy Demand,68830_EU_M08_03.html,Sent to Leslie,,EnvironmentalScience,Brix,,121128cf-5471-4dc4-b71a-3bedc9ebdda2,057f7d8b-14e8-445e-a8b8-ea2020367cca,target1
Energy Use,The Possible Future of Energy Demand,Quiz: The Possible Future of Energy Demand,68830_EU_M08_04.html,Sent to Leslie,,EnvironmentalScience,Brix,,121128cf-5471-4dc4-b71a-3bedc9ebdda2,98fa8c7e-98c8-4193-8af4-d1d2ce0775e9,target1
Energy Use,The Possible Future of Energy Demand,Quiz: The Possible Future of Energy Demand,68830_EU_M08_05.html,Sent to Leslie,,EnvironmentalScience,Brix,,121128cf-5471-4dc4-b71a-3bedc9ebdda2,8c9d60ff-7650-4c71-9d00-01ec75a3d2a2,target1
Energy Use,The Possible Future of Energy Demand,Quiz: The Possible Future of Energy Demand,68830_EU_M08_06.html,Sent to Leslie,,EnvironmentalScience,Brix,,121128cf-5471-4dc4-b71a-3bedc9ebdda2,3ae59768-77e3-42a9-84d5-ff85405d4ad9,target1
Energy Use,The Possible Future of Energy Demand,Quiz: The Possible Future of Energy Demand,68830_EU_M08_07.html,Sent to Leslie,,EnvironmentalScience,Brix,,121128cf-5471-4dc4-b71a-3bedc9ebdda2,bc53c2a4-cf28-4f14-b2b8-8699f59615a9,target1
Energy Use,The Possible Future of Energy Demand,Quiz: The Possible Future of Energy Demand,68830_EU_M08_08.html,Sent to Leslie,,EnvironmentalScience,Brix,,121128cf-5471-4dc4-b71a-3bedc9ebdda2,4fde6dcb-2886-4cd6-99a5-59629571aa27,target1
Energy Use,NA,Concept Quiz: Energy Use,68830_EU_C01.html,Sent to Leslie,,EnvironmentalScience,Brix,,96230a49-af84-4f66-b427-2437c1738354,bda9eb7f-0d8d-44f9-9f29-b78f66619f89,target1
Energy Use,NA,Concept Quiz: Energy Use,68830_EU_C02.html,Sent to Leslie,,EnvironmentalScience,Brix,,96230a49-af84-4f66-b427-2437c1738354,196c477e-4fcc-4018-a408-923d5c5f6887,target1
Energy Use,NA,Concept Quiz: Energy Use,68830_EU_C03.html,Sent to Leslie,,EnvironmentalScience,Brix,,96230a49-af84-4f66-b427-2437c1738354,84024082-327f-4852-aeec-40d7be23b1e9,target1
Energy Use,NA,Concept Quiz: Energy Use,68830_EU_C04.html,Sent to Leslie,,EnvironmentalScience,Brix,,96230a49-af84-4f66-b427-2437c1738354,10ac46de-43d4-4231-9c22-d1b9cc2b27b8,target1
Energy Use,NA,Concept Quiz: Energy Use,68830_EU_C05.html,Sent to Leslie,,EnvironmentalScience,Brix,,96230a49-af84-4f66-b427-2437c1738354,47e425e7-42c6-45c9-8c80-997484866614,target1
Energy Use,NA,Concept Quiz: Energy Use,68830_EU_C06.html,Sent to Leslie,,EnvironmentalScience,Brix,,96230a49-af84-4f66-b427-2437c1738354,1637997e-f930-4600-b489-7934bb309cfd,target1
Energy Use,NA,Concept Quiz: Energy Use,68830_EU_C07.html,Sent to Leslie,,EnvironmentalScience,Brix,,96230a49-af84-4f66-b427-2437c1738354,ed9a2e8e-6e6a-4227-b1d4-66ebb1266a34,target1
Energy Use,NA,Concept Quiz: Energy Use,68830_EU_C08.html,Sent to Leslie,,EnvironmentalScience,Brix,,96230a49-af84-4f66-b427-2437c1738354,d1e5c87a-5f75-4e5f-abce-41c618eda4ea,target1
Energy Use,NA,Concept Quiz: Energy Use,68830_EU_C09.html,Sent to Leslie,,EnvironmentalScience,Brix,,96230a49-af84-4f66-b427-2437c1738354,b31a9399-5cc9-42bc-9149-46dd5b8aa091,target1
Energy Use,NA,Concept Quiz: Energy Use,68830_EU_C010.html,Sent to Leslie,,EnvironmentalScience,Brix,,96230a49-af84-4f66-b427-2437c1738354,3117a83b-014c-4857-b624-263c71183da7,target1
Energy Use,NA,Concept Quiz: Energy Use,68830_EU_C011.html,Sent to Leslie,,EnvironmentalScience,Brix,,96230a49-af84-4f66-b427-2437c1738354,2dda9077-5363-48ab-ab74-33e39b1c6eb0,target1
Nonrenewable Energy,Formation of Fossil Fuels,Quiz: Formation of Fossil Fuels,68830_NE_M01_01.html,Sent to Leslie,,EnvironmentalScience,Brix,,773ff3ff-b2c3-4ebd-8781-2dfefbdda5ca,f7e53e7c-644d-492c-9588-5571cd878e5c,target1
Nonrenewable Energy,Formation of Fossil Fuels,Quiz: Formation of Fossil Fuels,68830_NE_M01_02.html,Sent to Leslie,,EnvironmentalScience,Brix,,773ff3ff-b2c3-4ebd-8781-2dfefbdda5ca,c2c255cb-98d5-4561-9e6a-4bcfefaee656,target1
Nonrenewable Energy,Formation of Fossil Fuels,Quiz: Formation of Fossil Fuels,68830_NE_M01_03.html,Sent to Leslie,,EnvironmentalScience,Brix,,773ff3ff-b2c3-4ebd-8781-2dfefbdda5ca,a8fafde2-19fd-41ac-91d3-98372bd0accd,target1
Nonrenewable Energy,Oil Resources,Quiz: Oil Resources,68830_NE_M01_01.html,Sent to Leslie,,EnvironmentalScience,Brix,,7303d160-0fd0-4b16-a02d-8ab324a8d4dd,1edd1268-e6e5-4f2c-bf19-f540b355fe14,target1
Nonrenewable Energy,Oil Resources,Quiz: Oil Resources,68830_NE_M02_02.html,Sent to Leslie,,EnvironmentalScience,Brix,,7303d160-0fd0-4b16-a02d-8ab324a8d4dd,ea9ae916-1455-47e1-b243-4cee3a6e0ead,target1
Nonrenewable Energy,Oil Resources,Quiz: Oil Resources,68830_NE_M02_03.html,Sent to Leslie,,EnvironmentalScience,Brix,,7303d160-0fd0-4b16-a02d-8ab324a8d4dd,ad4dc396-17d0-408f-9c4a-464c192e16d9,target1
Nonrenewable Energy,Coal Resources,Quiz: Coal Resources,68830_NE_M03_01.html,Sent to Leslie,,EnvironmentalScience,Brix,,5507e7b3-9286-4d85-b02a-ff4559cec246,4ca62782-27a5-471a-9341-2fa466b578a9,target1
Nonrenewable Energy,Coal Resources,Quiz: Coal Resources,68830_NE_M03_02.html,Sent to Leslie,,EnvironmentalScience,Brix,,5507e7b3-9286-4d85-b02a-ff4559cec246,85589f9e-d0c6-4c3b-a1d1-7525d6808775,target1
Nonrenewable Energy,Coal Resources,Quiz: Coal Resources,68830_NE_M03_03.html,Sent to Leslie,,EnvironmentalScience,Brix,,5507e7b3-9286-4d85-b02a-ff4559cec246,444bd923-30b8-4b5b-a289-8dc1eff42532,target1
Nonrenewable Energy,Coal Resources,Quiz: Coal Resources,68830_NE_M03_04.html,Sent to Leslie,,EnvironmentalScience,Brix,,5507e7b3-9286-4d85-b02a-ff4559cec246,9826ecab-d311-4351-9101-bbf4e952c656,target1
Nonrenewable Energy,Coal Resources,Quiz: Coal Resources,68830_NE_M03_05.html,Sent to Leslie,,EnvironmentalScience,Brix,,5507e7b3-9286-4d85-b02a-ff4559cec246,bc5b810d-86f6-491a-bc0a-0005309dda12,target1
Nonrenewable Energy,Natural Gas Resources,Quiz: Natural Gas Resources,68830_NE_M04_01.html,Sent to Leslie,,EnvironmentalScience,Brix,,709f5393-ed47-4575-99e7-fc98684fbac9,3cc0e8fe-a37e-4f47-bf3d-5ac19a2f92df,target1
Nonrenewable Energy,Natural Gas Resources,Quiz: Natural Gas Resources,68830_NE_M04_02.html,Sent to Leslie,,EnvironmentalScience,Brix,,709f5393-ed47-4575-99e7-fc98684fbac9,67975ac0-4df9-4d4a-b14b-347be5ad2edd,target1
Nonrenewable Energy,Natural Gas Resources,Quiz: Natural Gas Resources,68830_NE_M04_03.html,Sent to Leslie,,EnvironmentalScience,Brix,,709f5393-ed47-4575-99e7-fc98684fbac9,1c016ed4-4e0c-4eb1-83f6-700404489777,target1
Nonrenewable Energy,The Future of Fossil Fuels,Quiz: The Future of Fossil Fuels,68830_NE_M05_01.html,Sent to Leslie,,EnvironmentalScience,Brix,,6ac65a02-dbbb-45c4-8d4f-9c4ae5df7b2f,9d6d81ac-4188-42d7-aa86-684633405c27,target1
,The Future of Fossil Fuels,Quiz: The Future of Fossil Fuels,68830_NE_M05_02.html,Sent to Leslie,,EnvironmentalScience,Brix,,6ac65a02-dbbb-45c4-8d4f-9c4ae5df7b2f,74fad19e-46c4-4aec-8119-8a289de21476,target1
Nonrenewable Energy,Nuclear Energy,Quiz: Nuclear Energy,68830_NE_M06_01.html,Sent to Leslie,,EnvironmentalScience,Brix,,75e2173b-40da-4d5e-bbe7-fd87e9ffbbd8,db7bfd42-b71f-49a9-a26d-be596454d40e,target1
Nonrenewable Energy,Nuclear Energy,Quiz: Nuclear Energy,68830_NE_M06_02.html,Sent to Leslie,,EnvironmentalScience,Brix,,75e2173b-40da-4d5e-bbe7-fd87e9ffbbd8,b8146254-137f-40e4-9f27-4e1dbfc5ddc7,target1
Nonrenewable Energy,Nuclear Energy,Quiz: Nuclear Energy,68830_NE_M06_03.html,Sent to Leslie,,EnvironmentalScience,Brix,,75e2173b-40da-4d5e-bbe7-fd87e9ffbbd8,f62cbec8-ddc9-4784-acd9-492b00bf74a8,target1
Nonrenewable Energy,Nuclear Energy,Quiz: Nuclear Energy,68830_NE_M06_04.html,Sent to Leslie,,EnvironmentalScience,Brix,,75e2173b-40da-4d5e-bbe7-fd87e9ffbbd8,5de2c503-0e3b-48f8-a48c-c6764be05cfc,target1
Nonrenewable Energy,NA,Concept Quiz: Nonrenewable Energy,68830_NE_C01.html,Sent to Leslie,,EnvironmentalScience,Brix,,987a639e-938a-4dd9-85fe-513e0a58ac74,0b54ca41-b8b0-4760-ba44-51b34fee18f5,target1
Nonrenewable Energy,NA,Concept Quiz: Nonrenewable Energy,68830_NE_C02.html,Sent to Leslie,,EnvironmentalScience,Brix,,987a639e-938a-4dd9-85fe-513e0a58ac74,e62c9a2b-cf68-4648-b3f0-dcfffdf223f8,target1
Nonrenewable Energy,NA,Concept Quiz: Nonrenewable Energy,68830_NE_C03.html,Sent to Leslie,,EnvironmentalScience,Brix,,987a639e-938a-4dd9-85fe-513e0a58ac74,81a5da8b-f5f8-4128-9965-ce1d74f0bcb9,target1
Nonrenewable Energy,NA,Concept Quiz: Nonrenewable Energy,68830_NE_C04.html,Sent to Leslie,,EnvironmentalScience,Brix,,987a639e-938a-4dd9-85fe-513e0a58ac74,b1274516-42fe-4707-9388-9490aec57368,target1
Nonrenewable Energy,NA,Concept Quiz: Nonrenewable Energy,68830_NE_C05.html,Sent to Leslie,,EnvironmentalScience,Brix,,987a639e-938a-4dd9-85fe-513e0a58ac74,759f414d-3e04-491d-9d77-57404d948f14,target1
Nonrenewable Energy,NA,Concept Quiz: Nonrenewable Energy,68830_NE_C06.html,Sent to Leslie,,EnvironmentalScience,Brix,,987a639e-938a-4dd9-85fe-513e0a58ac74,998f7cd0-c720-44f2-8b13-a3119b0541c3,target1
Nonrenewable Energy,NA,Concept Quiz: Nonrenewable Energy,68830_NE_C07.html,Sent to Leslie,,EnvironmentalScience,Brix,,987a639e-938a-4dd9-85fe-513e0a58ac74,2db26c2d-b236-4ae8-8f99-f379bd639031,target1
Nonrenewable Energy,NA,Concept Quiz: Nonrenewable Energy,68830_NE_C08.html,Sent to Leslie,,EnvironmentalScience,Brix,,987a639e-938a-4dd9-85fe-513e0a58ac74,e9173979-f1a0-425a-a7d9-09bb4fa9e610,target1
Nonrenewable Energy,NA,Concept Quiz: Nonrenewable Energy,68830_NE_C09.html,Sent to Leslie,,EnvironmentalScience,Brix,,987a639e-938a-4dd9-85fe-513e0a58ac74,f69c3b56-ad9f-44cc-9021-ec5976b27283,target1
Nonrenewable Energy,NA,Concept Quiz: Nonrenewable Energy,68830_NE_C010.html,Sent to Leslie,,EnvironmentalScience,Brix,,987a639e-938a-4dd9-85fe-513e0a58ac74,2c29c4e3-3588-4ed6-b7f7-bd2a00ff2c04,target1
Nonrenewable Energy,NA,Concept Quiz: Nonrenewable Energy,68830_NE_C011.html,Sent to Leslie,,EnvironmentalScience,Brix,,987a639e-938a-4dd9-85fe-513e0a58ac74,0918f5c2-505f-4b15-a729-a52690ff98a3,target1
Nonrenewable Energy,NA,Concept Quiz: Nonrenewable Energy,68830_NE_C012.html,Sent to Leslie,,EnvironmentalScience,Brix,,987a639e-938a-4dd9-85fe-513e0a58ac74,489997e4-7b41-4dc1-a121-7a70942233fa,target1
Nonrenewable Energy,NA,Concept Quiz: Nonrenewable Energy,68830_NE_C013.html,Sent to Leslie,,EnvironmentalScience,Brix,,987a639e-938a-4dd9-85fe-513e0a58ac74,03f8f5d4-1913-439f-914c-5aa03c3806ea,target1
Nonrenewable Energy,NA,Concept Quiz: Nonrenewable Energy,68830_NE_C014.html,Sent to Leslie,,EnvironmentalScience,Brix,,987a639e-938a-4dd9-85fe-513e0a58ac74,f59c47be-b8ec-4a4b-b628-81725899462a,target1
Nonrenewable Energy,NA,Concept Quiz: Nonrenewable Energy,68830_NE_C015.html,Sent to Leslie,,EnvironmentalScience,Brix,,987a639e-938a-4dd9-85fe-513e0a58ac74,7d0da199-283d-4d05-8a7f-ca4c01124682,target1
Nonrenewable Energy,NA,Concept Quiz: Nonrenewable Energy,68830_NE_C016.html,Sent to Leslie,,EnvironmentalScience,Brix,,987a639e-938a-4dd9-85fe-513e0a58ac74,0d058ff6-8ced-4964-a671-39a638f2efd4,target1
Nonrenewable Energy,NA,Concept Quiz: Nonrenewable Energy,68830_NE_C017.html,Sent to Leslie,,EnvironmentalScience,Brix,,987a639e-938a-4dd9-85fe-513e0a58ac74,13d0416d-c3d4-4cad-81bb-fafd88a2d5b2,target1
Nonrenewable Energy,NA,Concept Quiz: Nonrenewable Energy,68830_NE_C018.html,Sent to Leslie,,EnvironmentalScience,Brix,,987a639e-938a-4dd9-85fe-513e0a58ac74,ac74d481-0743-40a8-964f-1b5a70fe6927,target1
Nonrenewable Energy,NA,Concept Quiz: Nonrenewable Energy,68830_NE_C019.html,Sent to Leslie,,EnvironmentalScience,Brix,,987a639e-938a-4dd9-85fe-513e0a58ac74,78e4246b-90ce-49f0-b977-772f7846087c,target1
