Chapter,Module,Quiz Name,Item (File Name),old name,PAF Assignment ID,PAF Activity ID,published PAF Assignment ID,Published PAF Activity ID,PAF Container ID
Human Populations,The History of Human Population Growth,Quiz: The History of Human Population Growth,68830_HP_M01_01.html,Unable to load this Quiz from PAF and there are zillions of them. Clean up data. Reload from source.,041e444c-42ac-45f1-adcd-82689fb809d7,c16ad0d6-eb1d-4094-a06e-aec2e726d3dd,5c8479bd-9030-4295-ac64-161e1ab6d30c,63455f05-1229-4f33-a833-ca27852317cf,target1
Human Populations,The History of Human Population Growth,Quiz: The History of Human Population Growth,68830_HP_M01_02.html,,041e444c-42ac-45f1-adcd-82689fb809d7,69ca896b-aedd-4c7b-9381-7f26840b3d89,5c8479bd-9030-4295-ac64-161e1ab6d30c,40f3f1d6-5660-4697-82c3-d16212a2c34d,target1
Human Populations,The History of Human Population Growth,Quiz: The History of Human Population Growth,68830_HP_M01_03.html,,041e444c-42ac-45f1-adcd-82689fb809d7,d72055cb-8d20-4302-8f85-62b5b2e489f1,5c8479bd-9030-4295-ac64-161e1ab6d30c,55534c19-b9a3-4697-9865-75326440e0ac,target1
Human Populations,The History of Human Population Growth,Quiz: The History of Human Population Growth,68830_HP_M01_04.html,,041e444c-42ac-45f1-adcd-82689fb809d7,52bb0241-dacb-480f-afac-dcc88a840c39,5c8479bd-9030-4295-ac64-161e1ab6d30c,40562418-5661-4d97-9665-b291c84210e2,target1
Human Populations,Age Structures and the Demographic Transition,Quiz: Age Structures and the Demographic Transition,68830_HP_M02_01.html,,8f560469-6e1a-480e-b6aa-d69fd2068784,3e966692-fe67-4534-88fa-1c380bb27361,6080f99e-fd8f-4ad9-9c65-cbaadc76b6a5,1e9bd77c-9417-433b-96db-98bae64a4adc,target1
Human Populations,Age Structures and the Demographic Transition,Quiz: Age Structures and the Demographic Transition,68830_HP_M02_02.html,,8f560469-6e1a-480e-b6aa-d69fd2068784,d5c7901b-3cfa-4126-b89e-b7329d1b9948,6080f99e-fd8f-4ad9-9c65-cbaadc76b6a5,3c2ece4b-b8c9-48b1-a4aa-0e6a31495cc1,target1
Human Populations,Age Structures and the Demographic Transition,Quiz: Age Structures and the Demographic Transition,68830_HP_M02_03.html,,8f560469-6e1a-480e-b6aa-d69fd2068784,d6a6f3a8-f915-4f30-9ea8-13d8b8152e90,6080f99e-fd8f-4ad9-9c65-cbaadc76b6a5,bbbb83ad-6c6c-4efe-a755-03fc18a91137,target1
Human Populations,Fertility and Human Population Growth,Quiz: Fertility and Human Population Growth,68830_HP_M03_01.html,,ede9dd2c-bb50-474a-be99-b60fa9e09e78,38bb94ef-2420-43f7-b112-abc7859fb564,c5e34961-734e-474c-a2c1-a81c37050845,14985aee-c212-40ab-bc9a-06540d103817,target1
Human Populations,Fertility and Human Population Growth,Quiz: Fertility and Human Population Growth,68830_HP_M03_02.html,,ede9dd2c-bb50-474a-be99-b60fa9e09e78,85925475-c6c5-4270-8576-56bef39b9471,c5e34961-734e-474c-a2c1-a81c37050845,54989d19-864b-4c9d-a6e3-760c8162d339,target1
Human Populations,Fertility and Human Population Growth,Quiz: Fertility and Human Population Growth,68830_HP_M03_03.html,,ede9dd2c-bb50-474a-be99-b60fa9e09e78,a341dba0-0926-41b6-a3c7-03d007c6e080,c5e34961-734e-474c-a2c1-a81c37050845,a341dba0-0926-41b6-a3c7-03d007c6e080,target1
Human Populations,Fertility and Human Population Growth,Quiz: Fertility and Human Population Growth,68830_HP_M03_04.html,,ede9dd2c-bb50-474a-be99-b60fa9e09e78,186d5804-c67f-44bf-a160-1ce1afd5e3e8,c5e34961-734e-474c-a2c1-a81c37050845,982bcdb0-9898-47ac-9f8c-e2c7c4ae7114,target1
Human Populations,Fertility and Human Population Growth,Quiz: Fertility and Human Population Growth,68830_HP_M03_05.html,,ede9dd2c-bb50-474a-be99-b60fa9e09e78,b1a1a057-0b58-4a24-97c9-5123000cd9ff,c5e34961-734e-474c-a2c1-a81c37050845,b1a1a057-0b58-4a24-97c9-5123000cd9ff,target1
Human Populations,"Disease, Death, and Human Population Growth","Quiz: Disease, Death, and Human Population Growth",68830_HP_M04_01.html,,fe4b8150-4cbc-4bff-a16d-80333aa784d5,48e66a32-c603-4ca6-a7ed-ed8ce40dda23,9bbc710f-90b4-487c-a1d7-f4c624ecbfe3,641da1be-c8c5-48da-8630-8a56e49a2cda,target1
Human Populations,"Disease, Death, and Human Population Growth","Quiz: Disease, Death, and Human Population Growth",68830_HP_M04_02.html,,fe4b8150-4cbc-4bff-a16d-80333aa784d5,dafe1f29-f68e-414c-8574-8940b42b30a5,9bbc710f-90b4-487c-a1d7-f4c624ecbfe3,1c9232fa-d1e2-490b-b2bd-83130dcd19ac,target1
Human Populations,"Disease, Death, and Human Population Growth","Quiz: Disease, Death, and Human Population Growth",68830_HP_M04_03.html,,fe4b8150-4cbc-4bff-a16d-80333aa784d5,0f64cac9-b788-4213-bc50-f6b7b424b482,9bbc710f-90b4-487c-a1d7-f4c624ecbfe3,51269fe6-158d-4c26-a1fb-ddb107bc6e28,target1
Human Populations,Environmental Impacts of the Human Population,Quiz: Environmental Impacts of the Human Population,68830_HP_M05_01.html,,4edf4695-648a-4055-808e-d36870730779,d41c4a96-0446-46ab-aa05-32e641252e5b,bbb32f5c-75d1-4c35-a279-bb363c7e3211,a0d60807-b385-4eff-9945-660d4adca487,target1
Human Populations,Environmental Impacts of the Human Population,Quiz: Environmental Impacts of the Human Population,68830_HP_M05_02.html,,4edf4695-648a-4055-808e-d36870730779,18b93bdc-1ee6-4235-b827-eec221971487,bbb32f5c-75d1-4c35-a279-bb363c7e3211,4d93cbc0-1cd3-4805-9f2d-cf01a417323e,target1
Human Populations,Environmental Impacts of the Human Population,Quiz: Environmental Impacts of the Human Population,68830_HP_M05_03.html,,4edf4695-648a-4055-808e-d36870730779,4a441b82-d820-4e13-8a0c-bbd6f55b6315,bbb32f5c-75d1-4c35-a279-bb363c7e3211,7d19f058-f249-4695-bf7e-bf61c703976e,target1
Human Populations,Environmental Impacts of the Human Population,Quiz: Environmental Impacts of the Human Population,68830_HP_M05_04.html,,4edf4695-648a-4055-808e-d36870730779,186d5804-c67f-44bf-a160-1ce1afd5e3e8,bbb32f5c-75d1-4c35-a279-bb363c7e3211,a6afc7d6-a336-4dec-937f-e0f91fd60616,target1
Human Populations,Environmental Impacts of the Human Population,Quiz: Environmental Impacts of the Human Population,68830_HP_M05_05.html,,4edf4695-648a-4055-808e-d36870730779,1ac97fb2-43ff-4f05-a576-191d9ac2c6d2,bbb32f5c-75d1-4c35-a279-bb363c7e3211,605ef973-c59d-4b3e-a0d0-a5767b910921,target1
Human Populations,Environmental Impacts of the Human Population,Quiz: Environmental Impacts of the Human Population,68830_HP_M05_06.html,,4edf4695-648a-4055-808e-d36870730779,bff4df47-fea7-4f70-9fba-869759140c00,bbb32f5c-75d1-4c35-a279-bb363c7e3211,eb342705-e50f-477f-9471-e0ba6599b23d,target1
Human Populations,Future Human Population Trends,Quiz: Future Human Population Trends,68830_HP_M06_01.html,,ae3166cb-b75d-42e2-95fb-e3b029fb455a,7fbc221e-260c-44ee-9f38-5575e0a201cb,d304a829-fb7f-4b11-96c0-e4f9b2c9e338,7eb6b3dd-0f4d-42f9-b4b3-1901d94df7fb,target1
Human Populations,Future Human Population Trends,Quiz: Future Human Population Trends,68830_HP_M06_02.html,,ae3166cb-b75d-42e2-95fb-e3b029fb455a,ce2305b7-2ccb-479d-86d6-0cbe416aae60,d304a829-fb7f-4b11-96c0-e4f9b2c9e338,6230b98c-6001-445d-ae40-5ec5bce56a17,target1
Human Populations,Future Human Population Trends,Quiz: Future Human Population Trends,68830_HP_M06_03.html,,ae3166cb-b75d-42e2-95fb-e3b029fb455a,1a5096d5-d935-4380-b090-9be61971625a,d304a829-fb7f-4b11-96c0-e4f9b2c9e338,1531455e-d02f-4332-a6f7-2445da9dd96a,target1
Human Populations,Future Human Population Trends,Quiz: Future Human Population Trends,68830_HP_M06_04.html,,ae3166cb-b75d-42e2-95fb-e3b029fb455a,3d4cd3ac-14c9-44a5-a5ba-363fb98ff2e2,d304a829-fb7f-4b11-96c0-e4f9b2c9e338,9a186676-95db-48f4-8c82-7156289d15f4,target1
Human Populations,Future Human Population Trends,Quiz: Future Human Population Trends,68830_HP_M06_05.html,,ae3166cb-b75d-42e2-95fb-e3b029fb455a,dabefbd7-5d3c-4d90-8127-fe7f53af036e,d304a829-fb7f-4b11-96c0-e4f9b2c9e338,ab685466-9355-46b9-ae85-d0547f227772,target1
Human Populations,Future Human Population Trends,Quiz: Future Human Population Trends,68830_HP_M06_06.html,,ae3166cb-b75d-42e2-95fb-e3b029fb455a,c8b0ea0a-c139-4f27-a816-6071956ea781,d304a829-fb7f-4b11-96c0-e4f9b2c9e338,56de7a62-e4b5-4d10-a070-7b9d4ab76a0f,target1
Human Populations,Interactive Lab: Human Populations,Quiz: Human Populations Interactive Lab,68830_HP_M07_01.html,,05df8b1d-6de8-4c33-826e-3abc559e8c9e,aa24df24-e0d8-4ca1-b138-b85ee319e59c,1c15c218-af9c-4f32-9859-42d3418e32ac,0e5f092c-bd89-45ec-96aa-bdece7eccbf5,target1
Human Populations,Interactive Lab: Human Populations,Quiz: Human Populations Interactive Lab,68830_HP_M07_02.html,,05df8b1d-6de8-4c33-826e-3abc559e8c9e,41e43692-c91e-4e77-87dd-d229c356a3b1,1c15c218-af9c-4f32-9859-42d3418e32ac,e8bfa898-e17a-4852-bcca-9bd1708a2cc6,target1
Human Populations,Interactive Lab: Human Populations,Quiz: Human Populations Interactive Lab,68830_HP_M07_03.html,,05df8b1d-6de8-4c33-826e-3abc559e8c9e,d2d45b94-9503-48dd-936d-601045e29e89,1c15c218-af9c-4f32-9859-42d3418e32ac,1c52aeb5-500d-45ea-b8b1-5cba8291dac4,target1
Human Populations,Interactive Lab: Human Populations,Quiz: Human Populations Interactive Lab,68830_HP_M07_04.html,,05df8b1d-6de8-4c33-826e-3abc559e8c9e,87c917f1-efb4-4d2e-85e2-efb9065c5481,1c15c218-af9c-4f32-9859-42d3418e32ac,708de386-86ab-4d45-a8be-84a83e6ba56c,target1
Human Populations,Interactive Lab: Human Populations,Quiz: Human Populations Interactive Lab,68830_HP_M07_05.html,,1c15c218-af9c-4f32-9859-42d3418e32ac,afb8a841-c342-4e9c-acd1-dda7d14c5969,1c15c218-af9c-4f32-9859-42d3418e32ac,afb8a841-c342-4e9c-acd1-dda7d14c5969,target1
Human Populations,NA,Concept Quiz: Human Populations,68830_HP_C01.html,,63eb33a4-8643-4f90-a6e4-36eea2e96ab3,f6858647-ce8a-4133-9865-d0c22a99880c,e7cbf48a-a2eb-4118-b17e-0c109c66e9d2,f6858647-ce8a-4133-9865-d0c22a99880c,target1
Human Populations,NA,Concept Quiz: Human Populations,68830_HP_C02.html,,63eb33a4-8643-4f90-a6e4-36eea2e96ab3,42a3c4da-e01e-4292-b4bd-9441e43f1acb,e7cbf48a-a2eb-4118-b17e-0c109c66e9d2,42a3c4da-e01e-4292-b4bd-9441e43f1acb,target1
Human Populations,NA,Concept Quiz: Human Populations,68830_HP_C03.html,,63eb33a4-8643-4f90-a6e4-36eea2e96ab3,d88567b2-22d3-4611-87e7-56c55f60a01f,e7cbf48a-a2eb-4118-b17e-0c109c66e9d2,e7376113-e5b3-4e58-830c-291428226bc9,target1
Human Populations,NA,Concept Quiz: Human Populations,68830_HP_C04.html,,63eb33a4-8643-4f90-a6e4-36eea2e96ab3,e7376113-e5b3-4e58-830c-291428226bc9,e7cbf48a-a2eb-4118-b17e-0c109c66e9d2,d1743dce-5742-44c4-93b4-9475683209b8,target1
Human Populations,NA,Concept Quiz: Human Populations,68830_HP_C05.html,,63eb33a4-8643-4f90-a6e4-36eea2e96ab3,d1743dce-5742-44c4-93b4-9475683209b8,e7cbf48a-a2eb-4118-b17e-0c109c66e9d2,fe98a5b5-342e-43f3-9499-71861f2d86d2,target1
Human Populations,NA,Concept Quiz: Human Populations,68830_HP_C06.html,,63eb33a4-8643-4f90-a6e4-36eea2e96ab3,fe98a5b5-342e-43f3-9499-71861f2d86d2,e7cbf48a-a2eb-4118-b17e-0c109c66e9d2,fb4f09d0-9ea1-4365-8a3c-ee0f9816e2ac,target1
Human Populations,NA,Concept Quiz: Human Populations,68830_HP_C07.html,,63eb33a4-8643-4f90-a6e4-36eea2e96ab3,fb4f09d0-9ea1-4365-8a3c-ee0f9816e2ac,e7cbf48a-a2eb-4118-b17e-0c109c66e9d2,71bfc277-743e-418f-9b3e-c3a0d3ffdb5c,target1
Human Populations,NA,Concept Quiz: Human Populations,68830_HP_C08.html,,63eb33a4-8643-4f90-a6e4-36eea2e96ab3,71bfc277-743e-418f-9b3e-c3a0d3ffdb5c,e7cbf48a-a2eb-4118-b17e-0c109c66e9d2,d345d109-a234-4629-b39a-904c55056bbd,target1
Human Populations,NA,Concept Quiz: Human Populations,68830_HP_C09.html,,63eb33a4-8643-4f90-a6e4-36eea2e96ab3,d345d109-a234-4629-b39a-904c55056bbd,e7cbf48a-a2eb-4118-b17e-0c109c66e9d2,07a0710e-5149-4b4d-adc1-e0573b7a8426,target1
Human Populations,NA,Concept Quiz: Human Populations,68830_HP_C10.html,,63eb33a4-8643-4f90-a6e4-36eea2e96ab3,07a0710e-5149-4b4d-adc1-e0573b7a8426,e7cbf48a-a2eb-4118-b17e-0c109c66e9d2,5c2f4bae-e7a7-4fbd-960a-5b96525ac60b,target1
Human Populations,NA,Concept Quiz: Human Populations,68830_HP_C11.html,,63eb33a4-8643-4f90-a6e4-36eea2e96ab3,5c2f4bae-e7a7-4fbd-960a-5b96525ac60b,e7cbf48a-a2eb-4118-b17e-0c109c66e9d2,afe27a9c-a003-4921-8b44-0d5262767762,target1
Human Populations,NA,Concept Quiz: Human Populations,68830_HP_C12.html,,63eb33a4-8643-4f90-a6e4-36eea2e96ab3,afe27a9c-a003-4921-8b44-0d5262767762,e7cbf48a-a2eb-4118-b17e-0c109c66e9d2,418cf514-3a5d-49da-bfd6-0578c6933d18,target1
Human Populations,NA,Concept Quiz: Human Populations,68830_HP_C13.html,,63eb33a4-8643-4f90-a6e4-36eea2e96ab3,418cf514-3a5d-49da-bfd6-0578c6933d18,e7cbf48a-a2eb-4118-b17e-0c109c66e9d2,b96b2dd0-43d7-466b-811c-14444d946611,target1
,,,,,,,,,
Energy Use,The Fundamentals and History of Energy,Quiz: The Fundamentals and History of Energy,68830_EU_M01_01.html,,4d89a1e7-c6e8-40fb-b806-9995acc717de,bc81f1c1-4364-4ea8-9432-ccdebeb8cf77,6e25dd51-c2ce-4c6e-bee1-a1005631f6e2,f752516d-c849-4b83-8ab1-41fc5ce3d32d,target1
Energy Use,The Fundamentals and History of Energy,Quiz: The Fundamentals and History of Energy,68830_EU_M01_02.html,,4d89a1e7-c6e8-40fb-b806-9995acc717de,8133ff80-17ec-4d40-920e-ad9a1cc62254,6e25dd51-c2ce-4c6e-bee1-a1005631f6e2,e5d3eafb-e191-4961-ab0f-0862304c602e,target1
Energy Use,The Fundamentals and History of Energy,Quiz: The Fundamentals and History of Energy,68830_EU_M01_03.html,,4d89a1e7-c6e8-40fb-b806-9995acc717de,099d2ed0-42ea-412c-a5a3-34f041dd1e9b,6e25dd51-c2ce-4c6e-bee1-a1005631f6e2,8e885491-6229-4e05-81e3-e97c65c5ced3,target1
Energy Use,The Fundamentals and History of Energy,Quiz: The Fundamentals and History of Energy,68830_EU_M01_04.html,,4d89a1e7-c6e8-40fb-b806-9995acc717de,88674d74-8eba-450a-b88b-bcf239fb152b,6e25dd51-c2ce-4c6e-bee1-a1005631f6e2,5c63f8b6-e6e8-49e5-9462-c48462db94d7,target1
Energy Use,The Fundamentals and History of Energy,Quiz: The Fundamentals and History of Energy,68830_EU_M01_05.html,,4d89a1e7-c6e8-40fb-b806-9995acc717de,8a7450c2-f441-4359-a58c-163261ab87fb,6e25dd51-c2ce-4c6e-bee1-a1005631f6e2,356034c3-4de3-4667-9ac5-cc476951f5c6,target1
Energy Use,The Fundamentals and History of Energy,Quiz: The Fundamentals and History of Energy,68830_EU_M01_06.html,,4d89a1e7-c6e8-40fb-b806-9995acc717de,4c37c6fb-9419-474e-9c19-a36a1d679323,6e25dd51-c2ce-4c6e-bee1-a1005631f6e2,6a109984-d25a-409e-8275-09c2d39cd210,target1
Energy Use,Current Global Energy Use,Quiz: Current Global Energy Use,68830_EU_M02_01.html,I cannot find this quiz in PAF or PAAT - need to reload from source control,2c85c27d-304f-4c7f-85c3-123dcf73ff60,b6ff984d-9417-49e0-b7f2-ef9d645947e3,62cc246f-bc22-48a2-bf13-99f97bddab9b,ff842bec-0bd0-41e4-bae2-bed79d0f93e0,target1
Energy Use,Current Global Energy Use,Quiz: Current Global Energy Use,68830_EU_M02_02.html,,2c85c27d-304f-4c7f-85c3-123dcf73ff60,cde8fcee-d844-44de-8a7f-cd02fa99ad4c,62cc246f-bc22-48a2-bf13-99f97bddab9b,f43fe3cd-92d5-437e-bda5-055dc291ee6e,target1
Energy Use,Current Global Energy Use,Quiz: Current Global Energy Use,68830_EU_M02_03.html,,2c85c27d-304f-4c7f-85c3-123dcf73ff60,a3d1fc75-bb7d-46f8-a79c-2993f03a2577,62cc246f-bc22-48a2-bf13-99f97bddab9b,78c6f38a-54a0-4877-85ad-990e65a811b2,target1
Energy Use,Current Global Energy Use,Quiz: Current Global Energy Use,68830_EU_M02_04.html,,2c85c27d-304f-4c7f-85c3-123dcf73ff60,4477f7cf-9702-4809-9e94-3c0f42822e6d,62cc246f-bc22-48a2-bf13-99f97bddab9b,d9eb785c-1b5e-40c1-b1ae-a32c691f4dd5,target1
Energy Use,Current Global Energy Use,Quiz: Current Global Energy Use,68830_EU_M02_05.html,,2c85c27d-304f-4c7f-85c3-123dcf73ff60,9a704c1b-f256-4183-b17d-a0a5359963b6,62cc246f-bc22-48a2-bf13-99f97bddab9b,3045b31d-d4b9-40c6-a556-27aa66b6be19,target1
Energy Use,Current Global Energy Use,Quiz: Current Global Energy Use,68830_EU_M02_06.html,,2c85c27d-304f-4c7f-85c3-123dcf73ff60,88f82cf7-019f-4f1f-986f-7a127b5cfa5d,62cc246f-bc22-48a2-bf13-99f97bddab9b,515876c6-5213-4174-a90a-2042ac89132b,target1
Energy Use,Current Energy Use in the United States,Quiz: Current Energy Use in the United States,68830_EU_M03_01.html,,84ead914-5834-4fe3-8b41-51a6bf87ac81,ebec2f42-019e-4818-9f45-a840e3d87c94,d9ea0703-f9aa-44be-a754-dbeb71146627,cff5e106-a94e-471f-b64b-f93daac278ce,target1
Energy Use,Current Energy Use in the United States,Quiz: Current Energy Use in the United States,68830_EU_M03_02.html,,84ead914-5834-4fe3-8b41-51a6bf87ac81,e4e1f2d7-2ff7-4c0c-bd20-72918b8a95bb,d9ea0703-f9aa-44be-a754-dbeb71146627,4ce59793-288f-447f-985d-e53b90652aac,target1
Energy Use,Current Energy Use in the United States,Quiz: Current Energy Use in the United States,68830_EU_M03_03.html,,84ead914-5834-4fe3-8b41-51a6bf87ac81,4a90eec0-420f-42e4-9127-77ff3be2c56a,d9ea0703-f9aa-44be-a754-dbeb71146627,a70190bf-de0f-4889-bb05-2fdf0a76a117,target1
Energy Use,Current Energy Use in the United States,Quiz: Current Energy Use in the United States,68830_EU_M03_04.html,,84ead914-5834-4fe3-8b41-51a6bf87ac81,c6ccce1b-3737-414f-97ca-60b20db84e57,d9ea0703-f9aa-44be-a754-dbeb71146627,f8502149-4393-4914-8875-89cb6ceb73ee,target1
Energy Use,Current Energy Use in the United States,Quiz: Current Energy Use in the United States,68830_EU_M03_05.html,,84ead914-5834-4fe3-8b41-51a6bf87ac81,7711d533-9bc7-43c1-bfff-7a26f2043cbc,d9ea0703-f9aa-44be-a754-dbeb71146627,9137f3d2-650e-436d-98e0-db1bca8bf20d,target1
Energy Use,Current Energy Use in the United States,Quiz: Current Energy Use in the United States,68830_EU_M03_06.html,,84ead914-5834-4fe3-8b41-51a6bf87ac81,13248146-92ff-499e-a932-ef1743624158,d9ea0703-f9aa-44be-a754-dbeb71146627,4b8b4a4d-8167-408a-bd2d-748945b7b63c,target1
Energy Use,Electricity Generation and Distribution,Quiz: Electricity Generation and Distribution,68830_EU_M04_01.html,,3c5cf349-0f9d-4926-962a-2d3485e7d52b,2c7812bf-0b2d-4edc-9ea2-f75715c4f4a2,4b5b6f43-9630-43ae-b0be-ed1e3623148a,689b9a2d-8e91-4b07-8697-9757cc759b84,target1
Energy Use,Electricity Generation and Distribution,Quiz: Electricity Generation and Distribution,68830_EU_M04_02.html,,3c5cf349-0f9d-4926-962a-2d3485e7d52b,c4752e56-f8a2-4a61-873c-748eb675802c,4b5b6f43-9630-43ae-b0be-ed1e3623148a,91013f50-0614-4748-b0e0-f9f90f8ed744,target1
Energy Use,Electricity Generation and Distribution,Quiz: Electricity Generation and Distribution,68830_EU_M04_03.html,,3c5cf349-0f9d-4926-962a-2d3485e7d52b,9133062b-80bc-4a70-bf3d-fdcd24901f63,4b5b6f43-9630-43ae-b0be-ed1e3623148a,4c8ec6ea-c1ce-42c7-8491-a5276737b51f,target1
Energy Use,Electricity Generation and Distribution,Quiz: Electricity Generation and Distribution,68830_EU_M04_04.html,,3c5cf349-0f9d-4926-962a-2d3485e7d52b,ba3ab157-c568-4497-94d3-2e5cbaeb75b5,4b5b6f43-9630-43ae-b0be-ed1e3623148a,ac672151-dcc4-4100-98d8-e90d05a1e28c,target1
Energy Use,Electricity Generation and Distribution,Quiz: Electricity Generation and Distribution,68830_EU_M04_05.html,,3c5cf349-0f9d-4926-962a-2d3485e7d52b,31ddd9f3-24a9-4e86-af57-bcfe7a2b50ad,4b5b6f43-9630-43ae-b0be-ed1e3623148a,f90d67f8-e7b4-4ea2-9695-a7f8955e5e2f,target1
Energy Use,Electricity Generation and Distribution,Quiz: Electricity Generation and Distribution,68830_EU_M04_06.html,,3c5cf349-0f9d-4926-962a-2d3485e7d52b,9cc14351-9135-47e6-a4f0-e4f91d6d7d2c,4b5b6f43-9630-43ae-b0be-ed1e3623148a,a91344c6-077f-45f4-b42f-f671a9ca23cc,target1
Energy Use,Electricity Generation and Distribution,Quiz: Electricity Generation and Distribution,68830_EU_M04_07.html,,3c5cf349-0f9d-4926-962a-2d3485e7d52b,06d8c0e6-7586-461d-9d0a-3f61ceafb5d9,4b5b6f43-9630-43ae-b0be-ed1e3623148a,e40e7971-a7fc-49b9-8f4f-04a76599c90d,target1
Energy Use,Electricity Generation and Distribution,Quiz: Electricity Generation and Distribution,68830_EU_M04_08.html,,3c5cf349-0f9d-4926-962a-2d3485e7d52b,793d0674-5a2f-4523-8c6a-4a434418c9f2,4b5b6f43-9630-43ae-b0be-ed1e3623148a,34eea29e-e354-4b46-8722-74c4b856cb56,target1
Energy Use,"Energy for Cooking, Heating, and Cooling","Quiz: Energy for Cooking, Heating, and Cooling",68830_EU_M05_01.html,,129dab09-87e0-4688-b71a-73ccb11863ff,54022037-3513-4dc5-b77a-5d29b8547ec3,7e0fb9f7-babb-4d2b-854a-26adefd2953b,c4595292-28cf-479d-90b4-3aa85468ddb6,target1
Energy Use,"Energy for Cooking, Heating, and Cooling","Quiz: Energy for Cooking, Heating, and Cooling",68830_EU_M05_02.html,,129dab09-87e0-4688-b71a-73ccb11863ff,181ca25b-a08d-459b-9196-ad95111a93ba,7e0fb9f7-babb-4d2b-854a-26adefd2953b,20961264-0c14-485d-a52a-0df9ab0958b4,target1
Energy Use,"Energy for Cooking, Heating, and Cooling","Quiz: Energy for Cooking, Heating, and Cooling",68830_EU_M05_03.html,,129dab09-87e0-4688-b71a-73ccb11863ff,92d0c4a0-6b30-47f0-8de3-6214fdc66e92,7e0fb9f7-babb-4d2b-854a-26adefd2953b,01af0ff6-7ae2-4fa3-9919-5df176770cc1,target1
Energy Use,"Energy for Cooking, Heating, and Cooling","Quiz: Energy for Cooking, Heating, and Cooling",68830_EU_M05_04.html,,129dab09-87e0-4688-b71a-73ccb11863ff,70cb1b17-ade6-45e8-af9a-b904c7eaba5d,7e0fb9f7-babb-4d2b-854a-26adefd2953b,441cd089-0bd2-406d-8b9a-e736052b334d,target1
Energy Use,Energy for Transportation,Quiz: Energy for Transportation,68830_EU_M06_01.html,,c956bb32-c288-401f-a633-889498500e80,054f9a40-f699-4ffd-85a7-0c5b65cb8069,0bcc872c-abc3-4b31-a543-42282327c4af,281e247d-42aa-4198-bad6-9f3bdefb8e4e,target1
Energy Use,Energy for Transportation,Quiz: Energy for Transportation,68830_EU_M06_02.html,,c956bb32-c288-401f-a633-889498500e80,4bada006-4728-4744-bac0-7736ba9de071,0bcc872c-abc3-4b31-a543-42282327c4af,acf5ee9f-2d80-4c7e-beeb-4545c3499ef8,target1
Energy Use,Energy for Transportation,Quiz: Energy for Transportation,68830_EU_M06_03.html,,c956bb32-c288-401f-a633-889498500e80,a1988273-369d-49bb-b19b-145b3dace3ae,0bcc872c-abc3-4b31-a543-42282327c4af,417338c2-8f73-446c-80f5-f5f92e092781,target1
Energy Use,Energy for Transportation,Quiz: Energy for Transportation,68830_EU_M06_04.html,,c956bb32-c288-401f-a633-889498500e80,ea14decb-2b7f-433a-b5a7-337b3d6d7578,0bcc872c-abc3-4b31-a543-42282327c4af,caf2b295-9806-4c53-a008-b11a53b75473,target1
Energy Use,Energy for Transportation,Quiz: Energy for Transportation,68830_EU_M06_05.html,,c956bb32-c288-401f-a633-889498500e80,2ac26742-4067-4714-8efc-a0c931ed4a27,0bcc872c-abc3-4b31-a543-42282327c4af,6ed9b2f2-5eba-44d3-9992-4988b0fb8fab,target1
Energy Use,Energy for Transportation,Quiz: Energy for Transportation,68830_EU_M06_06.html,,c956bb32-c288-401f-a633-889498500e80,b9c5bcb0-8529-4b3d-b083-535d771641ca,0bcc872c-abc3-4b31-a543-42282327c4af,6f550e32-1b9d-4f14-baa9-50b42c6e44ef,target1
Energy Use,Energy Efficiency and Conservation,Quiz: Energy Efficiency and Conservation,68830_EU_M07_01.html,,712011e2-ed53-4f92-9f2e-56fc4632a861,3f51c59e-ac81-46ab-912a-930759b9eb1e,ce3851e7-6cf8-44bf-8620-9342b226e32b,da3ce037-98ef-4923-bf26-714bf6d2b93f,target1
Energy Use,Energy Efficiency and Conservation,Quiz: Energy Efficiency and Conservation,68830_EU_M07_02.html,,712011e2-ed53-4f92-9f2e-56fc4632a861,efa04c71-ec32-45c1-8046-0c37c8413698,ce3851e7-6cf8-44bf-8620-9342b226e32b,d7250812-bf6f-4cc0-bad9-9c126af38000,target1
Energy Use,Energy Efficiency and Conservation,Quiz: Energy Efficiency and Conservation,68830_EU_M07_03.html,,712011e2-ed53-4f92-9f2e-56fc4632a861,877682c2-8986-4839-8b5e-da57f8adf922,ce3851e7-6cf8-44bf-8620-9342b226e32b,58aaba14-b8f2-4f19-b168-86b5a37a92d2,target1
Energy Use,Energy Efficiency and Conservation,Quiz: Energy Efficiency and Conservation,68830_EU_M07_04.html,,712011e2-ed53-4f92-9f2e-56fc4632a861,d189611d-7a2b-408a-8379-9214e86733be,ce3851e7-6cf8-44bf-8620-9342b226e32b,a88d4c24-9e07-49f5-93dd-d19c957c48dd,target1
Energy Use,Energy Efficiency and Conservation,Quiz: Energy Efficiency and Conservation,68830_EU_M07_05.html,,712011e2-ed53-4f92-9f2e-56fc4632a861,29259660-3545-43ad-81bc-fe7892fe15c0,ce3851e7-6cf8-44bf-8620-9342b226e32b,6432a094-626d-4016-bd69-74c149406186,target1
Energy Use,The Possible Future of Energy Demand,Quiz: The Possible Future of Energy Demand,68830_EU_M08_01.html,,121128cf-5471-4dc4-b71a-3bedc9ebdda2,1b29fd13-c38f-4c54-9109-a2e17e1b604c,50d0107b-8ed0-4108-b388-cfb59a5f3751,0d28d9ee-73b6-43fa-9e4f-04ee5a5bb66c,target1
Energy Use,The Possible Future of Energy Demand,Quiz: The Possible Future of Energy Demand,68830_EU_M08_02.html,,121128cf-5471-4dc4-b71a-3bedc9ebdda2,c32bddc9-d2a4-4070-a7b6-70f512b45462,50d0107b-8ed0-4108-b388-cfb59a5f3751,608d559f-284c-4416-b21d-1bb8e64a9ce3,target1
Energy Use,The Possible Future of Energy Demand,Quiz: The Possible Future of Energy Demand,68830_EU_M08_03.html,,121128cf-5471-4dc4-b71a-3bedc9ebdda2,057f7d8b-14e8-445e-a8b8-ea2020367cca,50d0107b-8ed0-4108-b388-cfb59a5f3751,927e6c64-820a-43cc-9fe9-3062b35f8d94,target1
Energy Use,The Possible Future of Energy Demand,Quiz: The Possible Future of Energy Demand,68830_EU_M08_04.html,,121128cf-5471-4dc4-b71a-3bedc9ebdda2,98fa8c7e-98c8-4193-8af4-d1d2ce0775e9,50d0107b-8ed0-4108-b388-cfb59a5f3751,88fa78d8-fb5e-4b3e-affd-22b74ae3d30f,target1
Energy Use,The Possible Future of Energy Demand,Quiz: The Possible Future of Energy Demand,68830_EU_M08_05.html,,121128cf-5471-4dc4-b71a-3bedc9ebdda2,8c9d60ff-7650-4c71-9d00-01ec75a3d2a2,50d0107b-8ed0-4108-b388-cfb59a5f3751,87428016-bb87-4f90-a24e-b75ad8629085,target1
Energy Use,The Possible Future of Energy Demand,Quiz: The Possible Future of Energy Demand,68830_EU_M08_06.html,,121128cf-5471-4dc4-b71a-3bedc9ebdda2,3ae59768-77e3-42a9-84d5-ff85405d4ad9,50d0107b-8ed0-4108-b388-cfb59a5f3751,81a85119-6d0b-4667-af79-24969dceee38,target1
Energy Use,The Possible Future of Energy Demand,Quiz: The Possible Future of Energy Demand,68830_EU_M08_07.html,,121128cf-5471-4dc4-b71a-3bedc9ebdda2,bc53c2a4-cf28-4f14-b2b8-8699f59615a9,50d0107b-8ed0-4108-b388-cfb59a5f3751,45ab1100-8657-46ed-ae00-140c8432dce6,target1
Energy Use,The Possible Future of Energy Demand,Quiz: The Possible Future of Energy Demand,68830_EU_M08_08.html,,121128cf-5471-4dc4-b71a-3bedc9ebdda2,4fde6dcb-2886-4cd6-99a5-59629571aa27,50d0107b-8ed0-4108-b388-cfb59a5f3751,7169af59-b1f8-41c3-b03c-542946666b9a,target1
Energy Use,NA,Concept Quiz: Energy Use,68830_EU_C01.html,,96230a49-af84-4f66-b427-2437c1738354,bda9eb7f-0d8d-44f9-9f29-b78f66619f89,0aef12e3-a436-4c82-9b62-d973faf5395f,fb44c0b9-3013-41ca-8b3f-bcda70b77b2a,target1
Energy Use,NA,Concept Quiz: Energy Use,68830_EU_C02.html,,96230a49-af84-4f66-b427-2437c1738354,196c477e-4fcc-4018-a408-923d5c5f6887,0aef12e3-a436-4c82-9b62-d973faf5395f,16f4ee85-7efb-4f41-b7a5-b4ebfc773b88,target1
Energy Use,NA,Concept Quiz: Energy Use,68830_EU_C03.html,,96230a49-af84-4f66-b427-2437c1738354,84024082-327f-4852-aeec-40d7be23b1e9,0aef12e3-a436-4c82-9b62-d973faf5395f,099390bf-570a-4d11-af80-9d0015f94a85,target1
Energy Use,NA,Concept Quiz: Energy Use,68830_EU_C04.html,,96230a49-af84-4f66-b427-2437c1738354,10ac46de-43d4-4231-9c22-d1b9cc2b27b8,0aef12e3-a436-4c82-9b62-d973faf5395f,0ee38d1e-811f-453d-986a-fd4ca9eb424a,target1
Energy Use,NA,Concept Quiz: Energy Use,68830_EU_C05.html,,96230a49-af84-4f66-b427-2437c1738354,47e425e7-42c6-45c9-8c80-997484866614,0aef12e3-a436-4c82-9b62-d973faf5395f,00583b45-cd9c-4a7e-8426-a37186e1f07e,target1
Energy Use,NA,Concept Quiz: Energy Use,68830_EU_C06.html,,96230a49-af84-4f66-b427-2437c1738354,1637997e-f930-4600-b489-7934bb309cfd,0aef12e3-a436-4c82-9b62-d973faf5395f,59d1d83c-4fa1-44ab-9ac1-6d6dc9e63315,target1
Energy Use,NA,Concept Quiz: Energy Use,68830_EU_C07.html,,96230a49-af84-4f66-b427-2437c1738354,ed9a2e8e-6e6a-4227-b1d4-66ebb1266a34,0aef12e3-a436-4c82-9b62-d973faf5395f,a4985860-d187-40a3-a9d4-1908b5a577c8,target1
Energy Use,NA,Concept Quiz: Energy Use,68830_EU_C08.html,,96230a49-af84-4f66-b427-2437c1738354,d1e5c87a-5f75-4e5f-abce-41c618eda4ea,0aef12e3-a436-4c82-9b62-d973faf5395f,144f2f16-00c4-4181-a8b3-a9dc198fe7d1,target1
Energy Use,NA,Concept Quiz: Energy Use,68830_EU_C09.html,,96230a49-af84-4f66-b427-2437c1738354,b31a9399-5cc9-42bc-9149-46dd5b8aa091,0aef12e3-a436-4c82-9b62-d973faf5395f,b13b956e-32cc-481d-a653-ecbb21145c27,target1
Energy Use,NA,Concept Quiz: Energy Use,68830_EU_C10.html,,96230a49-af84-4f66-b427-2437c1738354,3117a83b-014c-4857-b624-263c71183da7,0aef12e3-a436-4c82-9b62-d973faf5395f,cecb70e6-84bf-49a6-ae4e-7dc0918f0858,target1
Energy Use,NA,Concept Quiz: Energy Use,68830_EU_C11.html,,96230a49-af84-4f66-b427-2437c1738354,2dda9077-5363-48ab-ab74-33e39b1c6eb0,0aef12e3-a436-4c82-9b62-d973faf5395f,1999c1c3-a972-4954-ae0d-51834165e15b,target1
Nonrenewable Energy,Formation of Fossil Fuels,Quiz: Formation of Fossil Fuels,68830_NE_M01_01.html,,773ff3ff-b2c3-4ebd-8781-2dfefbdda5ca,f7e53e7c-644d-492c-9588-5571cd878e5c,96c96342-11cc-4227-a07e-d64fb79555b9,3d9c9a18-3693-4b39-be5b-228e68122d80,target1
Nonrenewable Energy,Formation of Fossil Fuels,Quiz: Formation of Fossil Fuels,68830_NE_M01_02.html,,773ff3ff-b2c3-4ebd-8781-2dfefbdda5ca,c2c255cb-98d5-4561-9e6a-4bcfefaee656,96c96342-11cc-4227-a07e-d64fb79555b9,d8e5cc8f-7bc0-4863-aadf-942ca0fd2bf5,target1
Nonrenewable Energy,Formation of Fossil Fuels,Quiz: Formation of Fossil Fuels,68830_NE_M01_03.html,,773ff3ff-b2c3-4ebd-8781-2dfefbdda5ca,a8fafde2-19fd-41ac-91d3-98372bd0accd,96c96342-11cc-4227-a07e-d64fb79555b9,2a1ae098-a676-451e-a2e7-d96cbcb355a6,target1
Nonrenewable Energy,Oil Resources,Quiz: Oil Resources,68830_NE_M02_01.html,,7303d160-0fd0-4b16-a02d-8ab324a8d4dd,1edd1268-e6e5-4f2c-bf19-f540b355fe14,1171fe80-d89a-4344-9921-dead3a053ed7,d330dab8-417c-4739-a2a8-76f070942fc1,target1
Nonrenewable Energy,Oil Resources,Quiz: Oil Resources,68830_NE_M02_02.html,,7303d160-0fd0-4b16-a02d-8ab324a8d4dd,ea9ae916-1455-47e1-b243-4cee3a6e0ead,1171fe80-d89a-4344-9921-dead3a053ed7,25009e9b-f1e8-4341-8561-b950be6de1de,target1
Nonrenewable Energy,Oil Resources,Quiz: Oil Resources,68830_NE_M02_03.html,,7303d160-0fd0-4b16-a02d-8ab324a8d4dd,ad4dc396-17d0-408f-9c4a-464c192e16d9,1171fe80-d89a-4344-9921-dead3a053ed7,c18cf081-2e41-4a31-8c48-10813b5cc8f0,target1
Nonrenewable Energy,Coal Resources,Quiz: Coal Resources,68830_NE_M03_01.html,,5507e7b3-9286-4d85-b02a-ff4559cec246,4ca62782-27a5-471a-9341-2fa466b578a9,8aa66d9c-7f16-4310-8dd0-73bb7256efa6,4bc3f5b4-d778-4361-a5ec-489138280dab,target1
Nonrenewable Energy,Coal Resources,Quiz: Coal Resources,68830_NE_M03_02.html,,5507e7b3-9286-4d85-b02a-ff4559cec246,85589f9e-d0c6-4c3b-a1d1-7525d6808775,8aa66d9c-7f16-4310-8dd0-73bb7256efa6,148c9f40-8976-47d8-beb8-6428f1f70b2e,target1
Nonrenewable Energy,Coal Resources,Quiz: Coal Resources,68830_NE_M03_03.html,,5507e7b3-9286-4d85-b02a-ff4559cec246,444bd923-30b8-4b5b-a289-8dc1eff42532,8aa66d9c-7f16-4310-8dd0-73bb7256efa6,d6dcb698-eeda-4b2c-ae32-bfdbd5834d47,target1
Nonrenewable Energy,Coal Resources,Quiz: Coal Resources,68830_NE_M03_04.html,,5507e7b3-9286-4d85-b02a-ff4559cec246,9826ecab-d311-4351-9101-bbf4e952c656,8aa66d9c-7f16-4310-8dd0-73bb7256efa6,f965addb-9e77-4514-97b4-ed0410f4f112,target1
Nonrenewable Energy,Coal Resources,Quiz: Coal Resources,68830_NE_M03_05.html,,5507e7b3-9286-4d85-b02a-ff4559cec246,bc5b810d-86f6-491a-bc0a-0005309dda12,8aa66d9c-7f16-4310-8dd0-73bb7256efa6,5188bcff-da36-4382-b675-4db0f5ae32f4,target1
Nonrenewable Energy,Natural Gas Resources,Quiz: Natural Gas Resources,68830_NE_M04_01.html,,709f5393-ed47-4575-99e7-fc98684fbac9,3cc0e8fe-a37e-4f47-bf3d-5ac19a2f92df,40df4888-755c-4062-8cae-c64f7fcbd32d,525f3fb9-7349-499b-adcd-625b356177c1,target1
Nonrenewable Energy,Natural Gas Resources,Quiz: Natural Gas Resources,68830_NE_M04_02.html,,709f5393-ed47-4575-99e7-fc98684fbac9,67975ac0-4df9-4d4a-b14b-347be5ad2edd,40df4888-755c-4062-8cae-c64f7fcbd32d,a9a8f136-f4de-4693-be92-c588bb8e6d88,target1
Nonrenewable Energy,Natural Gas Resources,Quiz: Natural Gas Resources,68830_NE_M04_03.html,,709f5393-ed47-4575-99e7-fc98684fbac9,1c016ed4-4e0c-4eb1-83f6-700404489777,40df4888-755c-4062-8cae-c64f7fcbd32d,04938f9b-0202-4e79-801f-bc46eed5df66,target1
Nonrenewable Energy,The Future of Fossil Fuels,Quiz: The Future of Fossil Fuels,68830_NE_M05_01.html,,6ac65a02-dbbb-45c4-8d4f-9c4ae5df7b2f,9d6d81ac-4188-42d7-aa86-684633405c27,aabb6c99-039e-4126-adfb-0cb3b061b6b5,c2cf9bfd-d1ff-4b7d-b823-0c7ff866e65b,target1
,The Future of Fossil Fuels,Quiz: The Future of Fossil Fuels,68830_NE_M05_02.html,,6ac65a02-dbbb-45c4-8d4f-9c4ae5df7b2f,74fad19e-46c4-4aec-8119-8a289de21476,aabb6c99-039e-4126-adfb-0cb3b061b6b5,1db673e7-0cbb-4330-bd96-5fb42a2d7179,target1
Nonrenewable Energy,Nuclear Energy,Quiz: Nuclear Energy,68830_NE_M06_01.html,,75e2173b-40da-4d5e-bbe7-fd87e9ffbbd8,db7bfd42-b71f-49a9-a26d-be596454d40e,cbffdeea-9e34-4152-ba8c-c6b078dba2eb,008913c3-9e52-4236-92e2-31ca7175dfa1,target1
Nonrenewable Energy,Nuclear Energy,Quiz: Nuclear Energy,68830_NE_M06_02.html,,75e2173b-40da-4d5e-bbe7-fd87e9ffbbd8,b8146254-137f-40e4-9f27-4e1dbfc5ddc7,cbffdeea-9e34-4152-ba8c-c6b078dba2eb,dfb1a540-ea32-44df-aefa-e061ba9d9c82,target1
Nonrenewable Energy,Nuclear Energy,Quiz: Nuclear Energy,68830_NE_M06_03.html,,75e2173b-40da-4d5e-bbe7-fd87e9ffbbd8,f62cbec8-ddc9-4784-acd9-492b00bf74a8,cbffdeea-9e34-4152-ba8c-c6b078dba2eb,2bc0eaf2-c91d-413e-82ef-6d1d6c9bc969,target1
Nonrenewable Energy,Nuclear Energy,Quiz: Nuclear Energy,68830_NE_M06_04.html,,75e2173b-40da-4d5e-bbe7-fd87e9ffbbd8,5de2c503-0e3b-48f8-a48c-c6764be05cfc,cbffdeea-9e34-4152-ba8c-c6b078dba2eb,5f6e926a-2606-415d-8c94-4118c7f93f2c,target1
Nonrenewable Energy,NA,Concept Quiz: Nonrenewable Energy,68830_NE_C01.html,,987a639e-938a-4dd9-85fe-513e0a58ac74,0b54ca41-b8b0-4760-ba44-51b34fee18f5,dd740ec7-78b2-4155-b9cd-c5f199b28c70,38dc7021-c520-452e-821c-d306579808fe,target1
Nonrenewable Energy,NA,Concept Quiz: Nonrenewable Energy,68830_NE_C02.html,,987a639e-938a-4dd9-85fe-513e0a58ac74,e62c9a2b-cf68-4648-b3f0-dcfffdf223f8,dd740ec7-78b2-4155-b9cd-c5f199b28c70,f945f6e2-aab9-4c82-971e-f2e49031e041,target1
Nonrenewable Energy,NA,Concept Quiz: Nonrenewable Energy,68830_NE_C03.html,,987a639e-938a-4dd9-85fe-513e0a58ac74,81a5da8b-f5f8-4128-9965-ce1d74f0bcb9,dd740ec7-78b2-4155-b9cd-c5f199b28c70,c1989c89-51f9-4f76-9bcc-7170630128ea,target1
Nonrenewable Energy,NA,Concept Quiz: Nonrenewable Energy,68830_NE_C04.html,,987a639e-938a-4dd9-85fe-513e0a58ac74,b1274516-42fe-4707-9388-9490aec57368,dd740ec7-78b2-4155-b9cd-c5f199b28c70,48e7cc35-c07f-4b3e-909f-cceb791a4769,target1
Nonrenewable Energy,NA,Concept Quiz: Nonrenewable Energy,68830_NE_C05.html,,987a639e-938a-4dd9-85fe-513e0a58ac74,759f414d-3e04-491d-9d77-57404d948f14,dd740ec7-78b2-4155-b9cd-c5f199b28c70,330e1ebb-3247-46f1-914f-78022d527cfc,target1
Nonrenewable Energy,NA,Concept Quiz: Nonrenewable Energy,68830_NE_C06.html,,987a639e-938a-4dd9-85fe-513e0a58ac74,998f7cd0-c720-44f2-8b13-a3119b0541c3,dd740ec7-78b2-4155-b9cd-c5f199b28c70,07129dba-a2eb-4bfc-8346-3bd8808978d8,target1
Nonrenewable Energy,NA,Concept Quiz: Nonrenewable Energy,68830_NE_C07.html,,987a639e-938a-4dd9-85fe-513e0a58ac74,2db26c2d-b236-4ae8-8f99-f379bd639031,dd740ec7-78b2-4155-b9cd-c5f199b28c70,45bb082d-cb0e-45dc-a55d-cd144b153bef,target1
Nonrenewable Energy,NA,Concept Quiz: Nonrenewable Energy,68830_NE_C08.html,,987a639e-938a-4dd9-85fe-513e0a58ac74,e9173979-f1a0-425a-a7d9-09bb4fa9e610,dd740ec7-78b2-4155-b9cd-c5f199b28c70,ace35b2c-31fa-4294-b24e-89bfe0206621,target1
Nonrenewable Energy,NA,Concept Quiz: Nonrenewable Energy,68830_NE_C09.html,,987a639e-938a-4dd9-85fe-513e0a58ac74,f69c3b56-ad9f-44cc-9021-ec5976b27283,dd740ec7-78b2-4155-b9cd-c5f199b28c70,989910fd-81c6-458d-8e95-010f1c07bfa7,target1
Nonrenewable Energy,NA,Concept Quiz: Nonrenewable Energy,68830_NE_C10.html,,987a639e-938a-4dd9-85fe-513e0a58ac74,2c29c4e3-3588-4ed6-b7f7-bd2a00ff2c04,dd740ec7-78b2-4155-b9cd-c5f199b28c70,bbc8ba05-a46f-4634-89b6-0ba9397a7bab,target1
Nonrenewable Energy,NA,Concept Quiz: Nonrenewable Energy,68830_NE_C11.html,,987a639e-938a-4dd9-85fe-513e0a58ac74,0918f5c2-505f-4b15-a729-a52690ff98a3,dd740ec7-78b2-4155-b9cd-c5f199b28c70,476955b4-622b-437c-b224-34b15f04d126,target1
Nonrenewable Energy,NA,Concept Quiz: Nonrenewable Energy,68830_NE_C12.html,,987a639e-938a-4dd9-85fe-513e0a58ac74,489997e4-7b41-4dc1-a121-7a70942233fa,dd740ec7-78b2-4155-b9cd-c5f199b28c70,01373c1d-9665-482b-909a-c89f5138c56c,target1
Nonrenewable Energy,NA,Concept Quiz: Nonrenewable Energy,68830_NE_C13.html,,987a639e-938a-4dd9-85fe-513e0a58ac74,03f8f5d4-1913-439f-914c-5aa03c3806ea,dd740ec7-78b2-4155-b9cd-c5f199b28c70,71dada88-467f-4fc8-8140-7e4f583ad7a4,target1
Nonrenewable Energy,NA,Concept Quiz: Nonrenewable Energy,68830_NE_C14.html,,987a639e-938a-4dd9-85fe-513e0a58ac74,f59c47be-b8ec-4a4b-b628-81725899462a,dd740ec7-78b2-4155-b9cd-c5f199b28c70,1c696a36-021d-4de1-a045-882744757a06,target1
Nonrenewable Energy,NA,Concept Quiz: Nonrenewable Energy,68830_NE_C15.html,,987a639e-938a-4dd9-85fe-513e0a58ac74,7d0da199-283d-4d05-8a7f-ca4c01124682,dd740ec7-78b2-4155-b9cd-c5f199b28c70,c2ed6883-8afd-423b-8287-5278a83040f8,target1
Nonrenewable Energy,NA,Concept Quiz: Nonrenewable Energy,68830_NE_C16.html,,987a639e-938a-4dd9-85fe-513e0a58ac74,0d058ff6-8ced-4964-a671-39a638f2efd4,dd740ec7-78b2-4155-b9cd-c5f199b28c70,a3d7d9e7-e0a1-491a-9aa8-d2575a285640,target1
Nonrenewable Energy,NA,Concept Quiz: Nonrenewable Energy,68830_NE_C17.html,,987a639e-938a-4dd9-85fe-513e0a58ac74,13d0416d-c3d4-4cad-81bb-fafd88a2d5b2,dd740ec7-78b2-4155-b9cd-c5f199b28c70,e1818bb6-a9a8-4628-abe5-a2acc8408045,target1
Nonrenewable Energy,NA,Concept Quiz: Nonrenewable Energy,68830_NE_C18.html,,987a639e-938a-4dd9-85fe-513e0a58ac74,ac74d481-0743-40a8-964f-1b5a70fe6927,dd740ec7-78b2-4155-b9cd-c5f199b28c70,bda21d4d-12ed-4906-adc8-6b5252089ad9,target1
Nonrenewable Energy,NA,Concept Quiz: Nonrenewable Energy,68830_NE_C19.html,,987a639e-938a-4dd9-85fe-513e0a58ac74,78e4246b-90ce-49f0-b977-772f7846087c,dd740ec7-78b2-4155-b9cd-c5f199b28c70,fd7443ce-6f59-4022-a611-1ed138c7973a,target1
Renewable Energy,Hydropower,Quiz: Hydropower,68830_RE_M01_01.html,"These were all the newer file versions, probably because they were created and loaded later",8f5d6f3a-4e20-4490-8a70-6b5d2340b18e,530fb71e-f13a-4cab-9c3f-ac852765d386,8f5d6f3a-4e20-4490-8a70-6b5d2340b18e,530fb71e-f13a-4cab-9c3f-ac852765d386,target1
Renewable Energy,Hydropower,Quiz: Hydropower,68830_RE_M01_02.html,"I still had multiple versions of the assignment though, and I can't figure out why",8f5d6f3a-4e20-4490-8a70-6b5d2340b18e,510ed766-cc87-47a8-b283-e8909a8db516,8f5d6f3a-4e20-4490-8a70-6b5d2340b18e,510ed766-cc87-47a8-b283-e8909a8db516,target1
Renewable Energy,Hydropower,Quiz: Hydropower,68830_RE_M01_03.html,older assignments need to be cleaned out,8f5d6f3a-4e20-4490-8a70-6b5d2340b18e,5d7725ed-69c3-4026-84cc-2bfe42d16f7d,8f5d6f3a-4e20-4490-8a70-6b5d2340b18e,5d7725ed-69c3-4026-84cc-2bfe42d16f7d,target1
Renewable Energy,Solar Energy,Quiz: Solar Energy,68830_RE_M02_01.html,"""",5cd9a23e-72f2-469a-a353-c70e89c09a28,054d2574-2ff9-408b-9b79-7adf9dd2bfaf,5cd9a23e-72f2-469a-a353-c70e89c09a28,054d2574-2ff9-408b-9b79-7adf9dd2bfaf,target1
Renewable Energy,Solar Energy,Quiz: Solar Energy,68830_RE_M02_02.html,"""",5cd9a23e-72f2-469a-a353-c70e89c09a28,e1cd6c6b-0465-4b14-aedb-611c33976810,5cd9a23e-72f2-469a-a353-c70e89c09a28,e1cd6c6b-0465-4b14-aedb-611c33976810,target1
Renewable Energy,Solar Energy,Quiz: Solar Energy,68830_RE_M02_03.html,"""",5cd9a23e-72f2-469a-a353-c70e89c09a28,fd7fc5af-3341-40da-9e2f-2c0090a33827,5cd9a23e-72f2-469a-a353-c70e89c09a28,fd7fc5af-3341-40da-9e2f-2c0090a33827,target1
Renewable Energy,Wind Energy,Quiz: Wind Energy,68830_RE_M03_01.html,"""",75414501-7ca4-443b-ab0a-ede1ee4ee265,948e4887-ba81-4be6-96eb-2ea934bcd6f8,75414501-7ca4-443b-ab0a-ede1ee4ee265,948e4887-ba81-4be6-96eb-2ea934bcd6f8,target1
Renewable Energy,Wind Energy,Quiz: Wind Energy,68830_RE_M03_02.html,"""",75414501-7ca4-443b-ab0a-ede1ee4ee265,b22c42a0-db22-4890-ae94-e906ed605455,75414501-7ca4-443b-ab0a-ede1ee4ee265,b22c42a0-db22-4890-ae94-e906ed605455,target1
Renewable Energy,Wind Energy,Quiz: Wind Energy,68830_RE_M03_03.html,"""",75414501-7ca4-443b-ab0a-ede1ee4ee265,24a4f64c-0a5d-4363-b604-dea61b0aacb4,75414501-7ca4-443b-ab0a-ede1ee4ee265,24a4f64c-0a5d-4363-b604-dea61b0aacb4,target1
Renewable Energy,Biomass Fuels,Quiz: Biomass Fuels,68830_RE_M04_01.html,"""",56f055d5-5ae8-4ae0-bab9-aede4860d809,5cf0018d-d190-40be-9fff-0fa1bcc9ac13,56f055d5-5ae8-4ae0-bab9-aede4860d809,5cf0018d-d190-40be-9fff-0fa1bcc9ac13,target1
Renewable Energy,Geothermal Energy,Quiz: Geothermal Energy,68830_RE_M05_01.html,"""",e9062fed-86b0-42e0-abd6-01bff8a18c09,ac7f7000-fcf2-4bb3-8bc0-25872a8eb316,e9062fed-86b0-42e0-abd6-01bff8a18c09,ac7f7000-fcf2-4bb3-8bc0-25872a8eb316,target1
Renewable Energy,Geothermal Energy,Quiz: Geothermal Energy,68830_RE_M05_02.html,"""",e9062fed-86b0-42e0-abd6-01bff8a18c09,9d36992d-e1f5-4559-a036-75280b42df50,e9062fed-86b0-42e0-abd6-01bff8a18c09,9d36992d-e1f5-4559-a036-75280b42df50,target1
Renewable Energy,Geothermal Energy,Quiz: Geothermal Energy,68830_RE_M05_03.html,"""",e9062fed-86b0-42e0-abd6-01bff8a18c09,5a064105-cd9c-4373-a56d-74909d8d7354,e9062fed-86b0-42e0-abd6-01bff8a18c09,5a064105-cd9c-4373-a56d-74909d8d7354,target1
Renewable Energy,"Batteries, Hydrogen Combustion, and Fuel Cells","Quiz: Batteries, Hydrogen Combustion, and Fuel Cells",68830_RE_M06_01.html,"""",4a3be365-c8b5-4dec-b396-b42f9be6ddd9,c6781fc9-e8d4-419f-aa7e-47e2749b2518,4a3be365-c8b5-4dec-b396-b42f9be6ddd9,c6781fc9-e8d4-419f-aa7e-47e2749b2518,target1
Renewable Energy,"Batteries, Hydrogen Combustion, and Fuel Cells","Quiz: Batteries, Hydrogen Combustion, and Fuel Cells",68830_RE_M06_02.html,"""",4a3be365-c8b5-4dec-b396-b42f9be6ddd9,da031bcf-b190-4d4e-bee0-75f720a85481,4a3be365-c8b5-4dec-b396-b42f9be6ddd9,da031bcf-b190-4d4e-bee0-75f720a85481,target1
Renewable Energy,"Batteries, Hydrogen Combustion, and Fuel Cells","Quiz: Batteries, Hydrogen Combustion, and Fuel Cells",68830_RE_M06_03.html,"""",4a3be365-c8b5-4dec-b396-b42f9be6ddd9,1ee18ccd-6adb-4817-9808-50f1157b31c7,4a3be365-c8b5-4dec-b396-b42f9be6ddd9,1ee18ccd-6adb-4817-9808-50f1157b31c7,target1
Renewable Energy,"Batteries, Hydrogen Combustion, and Fuel Cells","Quiz: Batteries, Hydrogen Combustion, and Fuel Cells",68830_RE_M06_04.html,"""",4a3be365-c8b5-4dec-b396-b42f9be6ddd9,2abe776e-e27f-49d7-94bd-7f7e3493023f,4a3be365-c8b5-4dec-b396-b42f9be6ddd9,2abe776e-e27f-49d7-94bd-7f7e3493023f,target1
Renewable Energy,The Future of Renewable Energy,Quiz: The Future of Renewable Energy,68830_RE_M07_01.html,"""",aa4ace47-aa28-4e6b-b5a3-7649b6d396e4,213b2e4f-3b0b-4b0e-a6ef-8a47afaf6632,aa4ace47-aa28-4e6b-b5a3-7649b6d396e4,213b2e4f-3b0b-4b0e-a6ef-8a47afaf6632,target1
Renewable Energy,The Future of Renewable Energy,Quiz: The Future of Renewable Energy,68830_RE_M07_02.html,"""",aa4ace47-aa28-4e6b-b5a3-7649b6d396e4,0f6f964c-b2e7-4eb8-a241-bfaae8c23f7f,aa4ace47-aa28-4e6b-b5a3-7649b6d396e4,0f6f964c-b2e7-4eb8-a241-bfaae8c23f7f,target1
Renewable Energy,The Future of Renewable Energy,Quiz: The Future of Renewable Energy,68830_RE_M07_03.html,"""",aa4ace47-aa28-4e6b-b5a3-7649b6d396e4,29b464f6-51c4-45cd-8113-9e238658f45c,aa4ace47-aa28-4e6b-b5a3-7649b6d396e4,29b464f6-51c4-45cd-8113-9e238658f45c,target1
Renewable Energy,The Future of Renewable Energy,Quiz: The Future of Renewable Energy,68830_RE_M07_04.html,"""",aa4ace47-aa28-4e6b-b5a3-7649b6d396e4,258905f6-beaa-47a7-876f-31d5db14d6d4,aa4ace47-aa28-4e6b-b5a3-7649b6d396e4,258905f6-beaa-47a7-876f-31d5db14d6d4,target1
Renewable Energy,NA,Quiz: NA,68830_RE_C01.html,"""",2c4bb21f-c2bc-47ed-bd3e-05ed84124c07,37f5b267-039e-4a39-b28b-2da657c64e87,2c4bb21f-c2bc-47ed-bd3e-05ed84124c07,37f5b267-039e-4a39-b28b-2da657c64e87,target1
Renewable Energy,NA,Quiz: NA,68830_RE_C02.html,"""",2c4bb21f-c2bc-47ed-bd3e-05ed84124c07,9d7460f0-ba41-47ce-8195-54d580ac4336,2c4bb21f-c2bc-47ed-bd3e-05ed84124c07,9d7460f0-ba41-47ce-8195-54d580ac4336,target1
Renewable Energy,NA,Quiz: NA,68830_RE_C03.html,"""",2c4bb21f-c2bc-47ed-bd3e-05ed84124c07,4c3fb163-cc6f-4045-bbda-2ac86cbb2286,2c4bb21f-c2bc-47ed-bd3e-05ed84124c07,4c3fb163-cc6f-4045-bbda-2ac86cbb2286,target1
Renewable Energy,NA,Quiz: NA,68830_RE_C04.html,"""",2c4bb21f-c2bc-47ed-bd3e-05ed84124c07,aa446ea6-b6e2-4af1-a3bb-300246ed6a46,2c4bb21f-c2bc-47ed-bd3e-05ed84124c07,aa446ea6-b6e2-4af1-a3bb-300246ed6a46,target1
Renewable Energy,NA,Quiz: NA,68830_RE_C05.html,"""",2c4bb21f-c2bc-47ed-bd3e-05ed84124c07,1ccab2d8-b895-415f-a2cc-a9ef3f502319,2c4bb21f-c2bc-47ed-bd3e-05ed84124c07,1ccab2d8-b895-415f-a2cc-a9ef3f502319,target1
Renewable Energy,NA,Quiz: NA,68830_RE_C06.html,"""",2c4bb21f-c2bc-47ed-bd3e-05ed84124c07,a431be9d-ca02-4ed5-98e9-b3d05b6366e2,2c4bb21f-c2bc-47ed-bd3e-05ed84124c07,a431be9d-ca02-4ed5-98e9-b3d05b6366e2,target1
Renewable Energy,NA,Quiz: NA,68830_RE_C07.html,"""",2c4bb21f-c2bc-47ed-bd3e-05ed84124c07,b90a66a0-97ff-4fab-83bf-11eced9ea1a6,2c4bb21f-c2bc-47ed-bd3e-05ed84124c07,b90a66a0-97ff-4fab-83bf-11eced9ea1a6,target1
Renewable Energy,NA,Quiz: NA,68830_RE_C08.html,"""",2c4bb21f-c2bc-47ed-bd3e-05ed84124c07,6628fa27-94a4-4f85-a21b-d2a5367fad42,2c4bb21f-c2bc-47ed-bd3e-05ed84124c07,6628fa27-94a4-4f85-a21b-d2a5367fad42,target1
Renewable Energy,NA,Quiz: NA,68830_RE_C09.html,"""",2c4bb21f-c2bc-47ed-bd3e-05ed84124c07,1018100b-2d70-4cea-ad0c-d6cc955c05aa,2c4bb21f-c2bc-47ed-bd3e-05ed84124c07,1018100b-2d70-4cea-ad0c-d6cc955c05aa,target1
Renewable Energy,NA,Quiz: NA,68830_RE_C10.html,"""",2c4bb21f-c2bc-47ed-bd3e-05ed84124c07,3bd1c074-6f0f-4868-aa46-217dbf238b17,2c4bb21f-c2bc-47ed-bd3e-05ed84124c07,3bd1c074-6f0f-4868-aa46-217dbf238b17,target1