CHAPTER 11 RACE and ETHNICITY,1,Quiz: What is the Difference between Race and Ethnicity?,Rev.11.1.1.html,Final,How/when/where will we actually be handing these files?,Brix,,,,
CHAPTER 11 RACE and ETHNICITY,1,Quiz: What is the Difference between Race and Ethnicity?,Rev.11.1.2.html,Final,,,,,,
CHAPTER 11 RACE and ETHNICITY,1,Quiz: What is the Difference between Race and Ethnicity?,Rev.11.1.3.html,Final,,,,,,
CHAPTER 11 RACE and ETHNICITY,1,Quiz: What is the Difference between Race and Ethnicity?,Rev.11.1.4.html,Final,,,,,,
CHAPTER 11 RACE and ETHNICITY,1,Quiz: What is the Difference between Race and Ethnicity?,Rev.11.1.5.html,Final,,,,,,
CHAPTER 11 RACE and ETHNICITY,2,Quiz: Is Race Real?,Rev.11.2.1.html,Final,,,,,,
CHAPTER 11 RACE and ETHNICITY,2,Quiz: Is Race Real?,Rev.11.2.2.html,Final,,,,,,
CHAPTER 11 RACE and ETHNICITY,2,Quiz: Is Race Real?,Rev.11.2.3.html,Final,,,,,,
CHAPTER 11 RACE and ETHNICITY,2,Quiz: Is Race Real?,Rev.11.2.4.html,Final,,,,,,
CHAPTER 11 RACE and ETHNICITY,2,Quiz: Is Race Real?,Rev.11.2.5.html,Final,,,,,,
CHAPTER 11 RACE and ETHNICITY,3,Quiz: What is Racism?,Rev.11.3.1.html,Final,,,,,,
CHAPTER 11 RACE and ETHNICITY,3,Quiz: What is Racism?,Rev.11.3.2.html,Final,,,,,,
CHAPTER 11 RACE and ETHNICITY,3,Quiz: What is Racism?,Rev.11.3.3.html,Final,,,,,,
CHAPTER 11 RACE and ETHNICITY,3,Quiz: What is Racism?,Rev.11.3.4.html,Final,,,,,,
CHAPTER 11 RACE and ETHNICITY,3,Quiz: What is Racism?,Rev.11.3.5.html,Final,,,,,,
CHAPTER 11 RACE and ETHNICITY,4,Quiz: Do Race and Ethnicity Matter Anymore?,Rev.11.4.1.html,Final,,,,,,
CHAPTER 11 RACE and ETHNICITY,4,Quiz: Do Race and Ethnicity Matter Anymore?,Rev.11.4.2.html,Final,,,,,,
CHAPTER 11 RACE and ETHNICITY,4,Quiz: Do Race and Ethnicity Matter Anymore?,Rev.11.4.3.html,Final,,,,,,
CHAPTER 11 RACE and ETHNICITY,4,Quiz: Do Race and Ethnicity Matter Anymore?,Rev.11.4.4.html,Final,,,,,,
CHAPTER 11 RACE and ETHNICITY,4,Quiz: Do Race and Ethnicity Matter Anymore?,Rev.11.4.5.html,Final,,,,,,
CHAPTER 11 RACE and ETHNICITY,5,Quiz: How are Race and Ethnicity Changing in the Twenty-First Century?,Rev.11.5.1.html,Final,,,,,,
CHAPTER 11 RACE and ETHNICITY,5,Quiz: How are Race and Ethnicity Changing in the Twenty-First Century?,Rev.11.5.2.html,Final,,,,,,
CHAPTER 11 RACE and ETHNICITY,5,Quiz: How are Race and Ethnicity Changing in the Twenty-First Century?,Rev.11.5.3.html,Final,,,,,,
CHAPTER 11 RACE and ETHNICITY,5,Quiz: How are Race and Ethnicity Changing in the Twenty-First Century?,Rev.11.5.4.html,Final,,,,,,
CHAPTER 11 RACE and ETHNICITY,5,Quiz: How are Race and Ethnicity Changing in the Twenty-First Century?,Rev.11.5.5.html,Final,,,,,,
CHAPTER 11 RACE and ETHNICITY,5,A Changing Population,IN11.5.5b.html,Final,,,,,,
CHAPTER 11 RACE and ETHNICITY,NA,Quiz: Race and Ethnicity,CE.11.01.html,Final,,,,,,
CHAPTER 11 RACE and ETHNICITY,NA,Quiz: Race and Ethnicity,CE.11.02.html,Final,,,,,,
CHAPTER 11 RACE and ETHNICITY,NA,Quiz: Race and Ethnicity,CE.11.03.html,Final,,,,,,
CHAPTER 11 RACE and ETHNICITY,NA,Quiz: Race and Ethnicity,CE.11.04.html,Final,,,,,,
CHAPTER 11 RACE and ETHNICITY,NA,Quiz: Race and Ethnicity,CE.11.05.html,Final,,,,,,
CHAPTER 11 RACE and ETHNICITY,NA,Quiz: Race and Ethnicity,CE.11.06.html,Final,,,,,,
CHAPTER 11 RACE and ETHNICITY,NA,Quiz: Race and Ethnicity,CE.11.07.html,Final,,,,,,
CHAPTER 11 RACE and ETHNICITY,NA,Quiz: Race and Ethnicity,CE.11.08.html,Final,,,,,,
CHAPTER 11 RACE and ETHNICITY,NA,Quiz: Race and Ethnicity,CE.11.09.html,Final,,,,,,
CHAPTER 11 RACE and ETHNICITY,NA,Quiz: Race and Ethnicity,CE.11.10.html,Final,,,,,,
CHAPTER 11 RACE and ETHNICITY,NA,Quiz: Race and Ethnicity,CE.11.11.html,Final,,,,,,
CHAPTER 11 RACE and ETHNICITY,NA,Quiz: Race and Ethnicity,CE.11.12.html,Final,,,,,,
CHAPTER 11 RACE and ETHNICITY,NA,Quiz: Race and Ethnicity,CE.11.13.html,Final,,,,,,
CHAPTER 11 RACE and ETHNICITY,NA,Quiz: Race and Ethnicity,CE.11.14.html,Final,,,,,,
CHAPTER 11 RACE and ETHNICITY,NA,Quiz: Race and Ethnicity,CE.11.15.html,Final,,,,,,
CHAPTER 11 RACE and ETHNICITY,NA,Quiz: Race and Ethnicity,CE.11.16.html,Final,,,,,,
CHAPTER 11 RACE and ETHNICITY,NA,Quiz: Race and Ethnicity,CE.11.17.html,Final,,,,,,
CHAPTER 11 RACE and ETHNICITY,NA,Quiz: Race and Ethnicity,CE.11.18.html,Final,,,,,,
CHAPTER 11 RACE and ETHNICITY,NA,Quiz: Race and Ethnicity,CE.11.19.html,Final,,,,,,
CHAPTER 11 RACE and ETHNICITY,NA,Quiz: Race and Ethnicity,CE.11.20.html,Final,,,,,,
CHAPTER 11 RACE and ETHNICITY,NA,Quiz: Race and Ethnicity,CE.11.21.html,Final,,,,,,
CHAPTER 11 RACE and ETHNICITY,NA,Quiz: Race and Ethnicity,CE.11.22.html,Final,,,,,,
CHAPTER 11 RACE and ETHNICITY,NA,Quiz: Race and Ethnicity,CE.11.23.html,Final,,,,,,
CHAPTER 11 RACE and ETHNICITY,NA,Quiz: Race and Ethnicity,CE.11.24.html,Final,,,,,,
CHAPTER 11 RACE and ETHNICITY,NA,Quiz: Race and Ethnicity,CE.11.25.html,Final,,,,,,