Chapter,Module,Quiz Name,Item (File Name),Status,Comments,Subject,Content Type (metadata for PAF),Asset Name/Title,PAF Assignment ID,PAF Activity ID ,PAF Container ID
Sensation and Perception,3.1,Session 3.1 Quiz,Marin_Module_3-1_Quiz_1.html,,,Psychology,Brix,,f4940131-1bba-402c-887a-eb2f8dbe66e6,9df79c5b-0125-4845-8f0c-863e6784af7b,target1
Sensation and Perception,3.1,Session 3.1 Quiz,Marin_Module_3-1_Quiz_2.html,,,Psychology,Brix,,f4940131-1bba-402c-887a-eb2f8dbe66e6,ccd52e5e-35c1-4ec1-9a60-20b2ea8e6eda,target1
Sensation and Perception,3.1,Session 3.1 Quiz,Marin_Module_3-1_Quiz_3.html,,,Psychology,Brix,,f4940131-1bba-402c-887a-eb2f8dbe66e6,c5c4a872-ced6-4c75-b869-3b7d13f1643c,target1
Sensation and Perception,3.1,Session 3.1 Quiz,Marin_Module_3-1_Quiz_4.html,,,Psychology,Brix,,f4940131-1bba-402c-887a-eb2f8dbe66e6,1bb0ff67-4aa7-44e8-8873-e554e1eb01b1,target1
Sensation and Perception,3.1,Session 3.1 Quiz,Marin_Module_3-1_Quiz_5.html,,,Psychology,Brix,,f4940131-1bba-402c-887a-eb2f8dbe66e6,19609964-c39f-4a00-9a0a-648307eb7a9e,target1
Sensation and Perception,3.2,Session 3.2 Quiz,Marin_Module_3-2_Quiz_1.html,,,Psychology,Brix,,519b2fb0-ab4b-4c5c-904d-5e2d2be486a6,52323f82-2681-4b51-b6b3-a242d8f1aef7,target1
Sensation and Perception,3.2,Session 3.2 Quiz,Marin_Module_3-2_Quiz_2.html,,,Psychology,Brix,,519b2fb0-ab4b-4c5c-904d-5e2d2be486a6,c9fa539c-ffb1-464b-9b68-1ed6c2977305,target1
Sensation and Perception,3.2,Session 3.2 Quiz,Marin_Module_3-2_Quiz_3.html,,,Psychology,Brix,,519b2fb0-ab4b-4c5c-904d-5e2d2be486a6,19a8cd76-15df-45dd-a0fa-fe7d4a275d59,target1
Sensation and Perception,3.2,Session 3.2 Quiz,Marin_Module_3-2_Quiz_4.html,,,Psychology,Brix,,519b2fb0-ab4b-4c5c-904d-5e2d2be486a6,717fe90a-dca7-4b90-ac75-712985f8d326,target1
Sensation and Perception,3.2,Session 3.2 Quiz,Marin_Module_3-2_Quiz_5.html,,,Psychology,Brix,,519b2fb0-ab4b-4c5c-904d-5e2d2be486a6,4fbe745e-79f9-45b1-b61c-6918deac7286,target1
Sensation and Perception,3.3,Session 3.3 Quiz,Marin_Module_3-3_Quiz_1.html,,,Psychology,Brix,,122eae28-074e-4235-9cba-fa406a62bcb1,2de9acc8-9f4e-4a09-8fdf-c50c2ec7e331,target1
Sensation and Perception,3.3,Session 3.3 Quiz,Marin_Module_3-3_Quiz_2.html,,,Psychology,Brix,,122eae28-074e-4235-9cba-fa406a62bcb1,a7dc5cef-a610-4df4-bb07-15b5fcce67f1,target1
Sensation and Perception,3.3,Session 3.3 Quiz,Marin_Module_3-3_Quiz_3.html,,,Psychology,Brix,,122eae28-074e-4235-9cba-fa406a62bcb1,0322fa04-43ad-422a-be44-886d361decd6,target1
Sensation and Perception,3.3,Session 3.3 Quiz,Marin_Module_3-3_Quiz_4.html,,,Psychology,Brix,,122eae28-074e-4235-9cba-fa406a62bcb1,58183336-0700-466a-a46c-acb2927e451e,target1
Sensation and Perception,3.3,Session 3.3 Quiz,Marin_Module_3-3_Quiz_5.html,,,Psychology,Brix,,122eae28-074e-4235-9cba-fa406a62bcb1,809188d7-ad4b-4a46-bcf0-aa50292343bd,target1
Sensation and Perception,3.4,Session 3.4 Quiz,Marin_Module_3-4_Quiz_1.html,,,Psychology,Brix,,f14e3415-488d-4fd8-9e8b-38e45b3113d8,84fbb0c7-9d24-46c6-a68b-f27849421563,target1
Sensation and Perception,3.4,Session 3.4 Quiz,Marin_Module_3-4_Quiz_2.html,,,Psychology,Brix,,f14e3415-488d-4fd8-9e8b-38e45b3113d8,41da0a01-72b0-4e30-9812-71bfea1ad743,target1
Sensation and Perception,3.4,Session 3.4 Quiz,Marin_Module_3-4_Quiz_3.html,,,Psychology,Brix,,f14e3415-488d-4fd8-9e8b-38e45b3113d8,fe7d01ed-824e-4937-9519-6b58c68a4ae0,target1
Sensation and Perception,3.4,Session 3.4 Quiz,Marin_Module_3-4_Quiz_4.html,,,Psychology,Brix,,f14e3415-488d-4fd8-9e8b-38e45b3113d8,ecb77f29-d0dd-4f78-becf-ba674ea3e85b,target1
Sensation and Perception,3.4,Session 3.4 Quiz,Marin_Module_3-4_Quiz_5.html,,,Psychology,Brix,,f14e3415-488d-4fd8-9e8b-38e45b3113d8,3336413f-dbce-4b62-943c-80469f42ed5b,target1
Sensation and Perception,NA,Chapter 3 Quiz,Marin_Chapter_3_Quiz_1.html,,,Psychology,Brix,,ef3af08e-8dba-4e90-b1fa-9f601d5e7232,7033e619-6a16-4718-9b42-75bdefedaf49,target1
Sensation and Perception,NA,Chapter 3 Quiz,Marin_Chapter_3_Quiz_2.html,,,Psychology,Brix,,ef3af08e-8dba-4e90-b1fa-9f601d5e7232,b0149ce0-58e4-41e0-ad08-c1f6306ffe19,target1
Sensation and Perception,NA,Chapter 3 Quiz,Marin_Chapter_3_Quiz_3.html,,,Psychology,Brix,,ef3af08e-8dba-4e90-b1fa-9f601d5e7232,20f29dc4-4f47-4655-b55e-5dcde1ca36d4,target1
Sensation and Perception,NA,Chapter 3 Quiz,Marin_Chapter_3_Quiz_4.html,,,Psychology,Brix,,ef3af08e-8dba-4e90-b1fa-9f601d5e7232,571d2ba8-9f09-440d-bac8-a413267f8194,target1
Sensation and Perception,NA,Chapter 3 Quiz,Marin_Chapter_3_Quiz_5.html,,,Psychology,Brix,,ef3af08e-8dba-4e90-b1fa-9f601d5e7232,708dd0cb-bd88-4d1b-bcbc-10f789b65772,target1
Sensation and Perception,NA,Chapter 3 Quiz,Marin_Chapter_3_Quiz_6.html,,,Psychology,Brix,,ef3af08e-8dba-4e90-b1fa-9f601d5e7232,3b5d058c-7421-45e7-8c84-201b32d191c1,target1
Sensation and Perception,NA,Chapter 3 Quiz,Marin_Chapter_3_Quiz_7.html,,,Psychology,Brix,,ef3af08e-8dba-4e90-b1fa-9f601d5e7232,e204ef55-ce3e-4cbe-b82d-a8f7567b8884,target1
Sensation and Perception,NA,Chapter 3 Quiz,Marin_Chapter_3_Quiz_8.html,,,Psychology,Brix,,ef3af08e-8dba-4e90-b1fa-9f601d5e7232,fcd2b943-5fc6-4a2a-a868-b659aae92787,target1
Sensation and Perception,NA,Chapter 3 Quiz,Marin_Chapter_3_Quiz_9.html,,,Psychology,Brix,,ef3af08e-8dba-4e90-b1fa-9f601d5e7232,1cc18964-4c6b-4f03-b195-5ca1c7231519,target1
Sensation and Perception,NA,Chapter 3 Quiz,Marin_Chapter_3_Quiz_10.html,,,Psychology,Brix,,ef3af08e-8dba-4e90-b1fa-9f601d5e7232,fa591698-9eda-404e-88f5-02be86078730,target1
Sensation and Perception,NA,Chapter 3 Quiz,Marin_Chapter_3_Quiz_11.html,,,Psychology,Brix,,ef3af08e-8dba-4e90-b1fa-9f601d5e7232,4853d87c-8461-491a-9c40-c4a5e59cc8d9,target1
Sensation and Perception,NA,Chapter 3 Quiz,Marin_Chapter_3_Quiz_12.html,,,Psychology,Brix,,ef3af08e-8dba-4e90-b1fa-9f601d5e7232,8b15c79e-b63f-4a68-94a1-d024fd404f2e,target1
Sensation and Perception,NA,Chapter 3 Quiz,Marin_Chapter_3_Quiz_13.html,,,Psychology,Brix,,ef3af08e-8dba-4e90-b1fa-9f601d5e7232,4d75816c-262a-437a-814a-0498226ca445,target1
Sensation and Perception,NA,Chapter 3 Quiz,Marin_Chapter_3_Quiz_14.html,,,Psychology,Brix,,ef3af08e-8dba-4e90-b1fa-9f601d5e7232,495a7387-81fb-41db-a532-0feca4fe1a2a,target1
Sensation and Perception,NA,Chapter 3 Quiz,Marin_Chapter_3_Quiz_15.html,,,Psychology,Brix,,ef3af08e-8dba-4e90-b1fa-9f601d5e7232,a370b01a-b4a9-4ccd-bd88-9020ba0a641f,target1
Sensation and Perception,NA,Chapter 3 Quiz,Marin_Chapter_3_Quiz_16.html,,,Psychology,Brix,,ef3af08e-8dba-4e90-b1fa-9f601d5e7232,6053b520-2b3f-443f-b44c-83ebf09694a1,target1
Sensation and Perception,NA,Chapter 3 Quiz,Marin_Chapter_3_Quiz_17.html,,,Psychology,Brix,,ef3af08e-8dba-4e90-b1fa-9f601d5e7232,bfd44f4d-11f4-47b1-a75d-cb4957a0682e,target1
Sensation and Perception,NA,Chapter 3 Quiz,Marin_Chapter_3_Quiz_18.html,,,Psychology,Brix,,ef3af08e-8dba-4e90-b1fa-9f601d5e7232,8efe51dd-b9e9-4c89-aaaa-fd577ee117f9,target1
Sensation and Perception,NA,Chapter 3 Quiz,Marin_Chapter_3_Quiz_19.html,,,Psychology,Brix,,ef3af08e-8dba-4e90-b1fa-9f601d5e7232,837dc7bd-90fb-493c-971a-b1caf7415791,target1
Sensation and Perception,NA,Chapter 3 Quiz,Marin_Chapter_3_Quiz_20.html,,,Psychology,Brix,,ef3af08e-8dba-4e90-b1fa-9f601d5e7232,bc0dcb60-dd26-4744-af05-03c8295587ee,target1
Sensation and Perception,NA,Chapter 3 Quiz,Marin_Chapter_3_Quiz_21.html,,,Psychology,Brix,,ef3af08e-8dba-4e90-b1fa-9f601d5e7232,eb4fac5a-e0c8-4590-bae4-8e4dd0373992,target1
Sensation and Perception,NA,Chapter 3 Quiz,Marin_Chapter_3_Quiz_22.html,,,Psychology,Brix,,ef3af08e-8dba-4e90-b1fa-9f601d5e7232,9b0e2b94-0a52-4ddd-b9c9-a5863298899e,target1
Sensation and Perception,NA,Chapter 3 Quiz,Marin_Chapter_3_Quiz_23.html,,,Psychology,Brix,,ef3af08e-8dba-4e90-b1fa-9f601d5e7232,bc9b63d2-8a4f-42eb-857b-85a81afab7ad,target1
Sensation and Perception,NA,Chapter 3 Quiz,Marin_Chapter_3_Quiz_24.html,,,Psychology,Brix,,ef3af08e-8dba-4e90-b1fa-9f601d5e7232,fc6b968f-b0ad-469c-acfa-a814894de7e6,target1
Sensation and Perception,NA,Chapter 3 Quiz,Marin_Chapter_3_Quiz_25.html,,,Psychology,Brix,,ef3af08e-8dba-4e90-b1fa-9f601d5e7232,07e5926e-42df-463a-adcd-4f5447ddd7c4,target1
